# This file was produced by samtools stats (1.24+htslib-1.24) and can be plotted using plot-bamstats
# This file contains statistics for all reads.
# The command line was:  stats mapping/DRR1082025.sorted.bam
# CHK, Checksum	[2]Read Names	[3]Sequences	[4]Qualities
# CHK, CRC32 of reads which passed filtering followed by addition (32bit overflow)
CHK	92d9ed10	af3552c7	f2188016
# Summary Numbers. Use `grep ^SN | cut -f 2-` to extract this part.
SN	raw total sequences:	1951846	# excluding supplementary and secondary reads
SN	filtered sequences:	0
SN	sequences:	1951846
SN	is sorted:	1	# sorted by coordinate
SN	1st fragments:	975923
SN	last fragments:	975923
SN	reads mapped:	1453338
SN	reads mapped and paired:	1449246	# paired-end technology bit set + both mates mapped
SN	reads unmapped:	498508
SN	reads properly paired:	1443478	# proper-pair bit set
SN	reads paired:	1951846	# paired-end technology bit set
SN	reads duplicated:	0	# PCR or optical duplicate bit set
SN	reads MQ0:	14434	# mapped and MQ=0
SN	reads QC failed:	0
SN	non-primary alignments:	0
SN	supplementary alignments:	21180
SN	total length:	380605124	# ignores clipping
SN	total first fragment length:	199555945	# ignores clipping
SN	total last fragment length:	181049179	# ignores clipping
SN	bases mapped:	286336432	# ignores clipping
SN	bases mapped (cigar):	279009978	# more accurate
SN	bases trimmed:	0
SN	bases duplicated:	0
SN	mismatches:	7407950	# from NM fields
SN	error rate:	2.655084e-02	# mismatches / bases mapped (cigar)
SN	average length:	195
SN	average first fragment length:	204
SN	average last fragment length:	186
SN	maximum length:	301
SN	maximum first fragment length:	301
SN	maximum last fragment length:	301
SN	average quality:	36.8
SN	insert size average:	252.0
SN	insert size standard deviation:	142.3
SN	inward oriented pairs:	721991
SN	outward oriented pairs:	1813
SN	pairs with other orientation:	819
SN	pairs on different chromosomes:	0
SN	percentage of properly paired reads (%):	74.0
# First Fragment Qualities. Use `grep ^FFQ | cut -f 2-` to extract this part.
# Columns correspond to qualities and rows to cycles. First column is the cycle number.
FFQ	1	0	0	0	0	0	0	0	0	0	0	0	0	1387	0	0	0	0	0	0	0	0	1111	0	1764	1423	0	0	4224	0	0	108	9084	3452	6026	947344	0	0	0	0	0
FFQ	2	0	0	0	0	0	0	0	0	0	0	0	0	1126	0	0	0	0	0	0	0	0	682	0	670	1900	0	0	3879	0	0	316	7715	4026	5552	950057	0	0	0	0	0
FFQ	3	0	0	0	0	0	0	0	0	0	0	0	0	1576	0	0	0	0	0	0	0	0	725	0	460	2790	0	0	4911	0	0	484	8673	2949	4706	948649	0	0	0	0	0
FFQ	4	0	0	0	0	0	0	0	0	0	0	0	0	1083	0	0	0	0	0	0	0	0	583	0	353	2290	0	0	3842	0	0	388	7440	2552	4337	953055	0	0	0	0	0
FFQ	5	0	0	0	0	0	0	0	0	0	0	0	0	956	0	0	0	0	0	0	0	0	456	0	295	2089	0	0	3594	0	0	413	6895	2149	3692	954269	19	9	110	977	0
FFQ	6	0	0	0	0	0	0	0	0	0	0	186	0	637	0	0	0	0	0	0	0	0	392	749	42	1239	636	664	2203	61	140	157	4932	1556	798	11853	6195	15283	42679	885521	0
FFQ	7	0	0	0	0	0	0	0	0	0	0	165	0	806	0	0	0	0	0	0	0	0	417	902	29	1661	775	677	2667	62	183	167	4927	1789	828	12726	6797	15853	43764	880728	0
FFQ	8	0	0	0	0	0	0	0	0	0	0	180	0	705	0	0	0	0	0	0	0	0	406	774	39	1395	788	641	2432	49	164	163	5041	1826	905	12414	6505	16158	44639	880699	0
FFQ	9	0	0	0	0	0	0	0	0	0	0	374	0	1577	0	0	0	0	0	0	0	0	630	1195	59	2352	986	688	3537	57	203	206	6333	2324	966	15256	7672	19210	51405	860893	0
FFQ	10	0	0	0	0	0	0	0	0	0	0	172	0	760	0	0	0	0	0	0	0	0	556	649	63	1486	708	540	2839	24	122	168	5409	1807	830	13250	6522	17496	50834	871688	0
FFQ	11	0	0	0	0	0	0	0	0	0	0	230	15	1107	0	0	0	0	0	0	1	0	579	927	61	1959	839	667	3296	21	155	173	5793	2190	846	14003	7036	18241	49128	868656	0
FFQ	12	0	0	0	0	0	0	0	0	0	0	140	0	610	0	0	0	0	0	0	0	0	454	644	33	1289	603	518	2427	16	154	144	4890	1648	846	12421	6064	16544	47388	879090	0
FFQ	13	0	0	0	0	0	0	0	0	0	0	126	27	479	0	0	0	0	0	0	0	0	408	605	55	1163	656	493	2285	16	135	109	4480	1563	726	11196	5988	15694	43374	886345	0
FFQ	14	0	0	0	0	0	0	0	0	0	0	199	21	810	0	0	0	0	0	0	0	0	492	826	53	1633	794	600	2876	11	175	177	5441	1908	776	13147	7071	16913	45082	876918	0
FFQ	15	0	0	0	0	0	0	0	0	0	0	296	29	1146	0	0	0	0	0	0	0	0	595	1064	92	2050	966	760	3396	23	198	195	5943	2155	929	14641	7675	18336	47993	867441	0
FFQ	16	0	0	0	0	0	0	0	0	0	0	341	227	1100	0	0	0	0	0	0	0	0	731	1173	243	2020	1170	736	3547	16	224	169	6850	2280	998	15889	7860	19756	51359	859234	0
FFQ	17	0	0	0	0	0	0	0	0	0	0	375	394	1090	0	0	0	0	0	1	0	0	923	1295	373	2043	1199	876	3788	30	253	202	7415	2372	1162	16731	8223	20722	53632	852824	0
FFQ	18	0	0	0	0	0	0	0	0	0	0	268	662	529	0	0	0	0	0	0	0	0	794	975	577	1465	974	854	3521	25	190	172	6623	2114	1088	16023	7609	19887	55081	856492	0
FFQ	19	0	0	0	0	0	0	0	0	0	0	246	932	142	0	0	0	0	0	0	0	0	690	925	776	1153	899	734	3187	25	182	190	6434	1925	988	15359	7305	19296	53620	860915	0
FFQ	20	0	0	0	0	0	0	0	0	0	0	238	958	83	0	0	0	0	0	0	0	1	605	883	845	1062	911	722	3201	19	172	178	6196	1938	947	14670	7240	18547	51577	864930	0
FFQ	21	0	0	0	0	0	0	0	0	0	0	267	1211	0	0	0	0	0	0	0	0	0	696	1039	985	1194	1012	779	3407	18	187	198	6602	2187	1016	15489	7944	19154	51580	860958	0
FFQ	22	0	0	0	0	0	0	0	0	0	0	210	1033	0	0	0	0	0	0	0	0	0	650	878	794	1106	913	684	3129	18	168	176	6055	2086	987	14445	7231	18845	52145	864370	0
FFQ	23	0	0	0	0	0	0	0	0	0	0	360	1537	0	0	0	0	0	0	0	0	0	738	1275	1188	1375	1172	845	3989	17	229	211	6918	2448	988	16480	8527	20145	52719	854762	0
FFQ	24	0	0	0	0	0	0	0	0	0	0	367	1633	0	0	0	0	0	0	0	0	0	846	1202	1156	1309	1025	795	3797	17	214	204	7043	2369	1090	16692	8057	20240	55785	852082	0
FFQ	25	0	0	0	0	0	0	0	0	0	0	291	1112	0	0	0	0	0	0	0	0	0	782	1007	919	1182	984	788	3642	12	162	205	6807	2272	1052	16114	7817	19927	55164	855684	0
FFQ	26	0	0	0	0	0	0	0	0	0	0	331	1569	0	0	0	0	0	0	0	1	1	817	1026	900	1175	998	659	3440	12	210	159	6440	2223	979	15417	7566	19475	54735	857790	0
FFQ	27	0	0	0	0	0	0	0	0	0	0	468	2118	0	0	0	0	0	1	0	0	0	973	1329	1370	1390	1134	906	4150	12	210	233	7261	2597	1123	17199	8538	20880	54770	849261	0
FFQ	28	0	0	0	0	0	0	0	0	0	0	399	1682	0	0	0	0	0	0	0	1	0	1027	1122	1073	1229	1022	879	3812	10	202	206	7096	2295	1145	16838	8075	20640	56712	850458	0
FFQ	29	0	0	0	0	0	0	0	0	0	0	351	1513	0	0	0	0	0	0	0	0	0	833	975	1013	1060	1034	772	3456	10	173	184	6753	2174	1024	15815	7679	19913	54901	856290	0
FFQ	30	0	0	0	0	0	0	0	0	0	0	494	2005	0	0	0	0	0	0	0	1	0	944	1186	1124	1352	1072	883	3781	8	220	190	7169	2354	1069	16606	8087	20602	56176	850600	0
FFQ	31	0	0	0	0	0	0	0	0	0	0	462	2193	0	0	0	0	0	0	0	0	0	1076	1305	1112	1589	1247	934	4177	10	243	213	7690	2569	1120	17843	8592	21105	57519	844924	0
FFQ	32	0	0	0	0	0	0	0	0	0	0	320	1532	0	0	0	0	0	0	0	0	1	882	971	927	1095	1013	776	3479	6	178	160	6811	2122	1075	15949	7593	19827	56140	855066	0
FFQ	33	0	0	0	0	0	0	0	0	0	0	422	1940	0	0	0	0	0	0	0	2	1	910	1128	1020	1262	1108	884	3702	5	197	219	7138	2371	1115	16356	7905	20336	54334	853568	0
FFQ	34	0	0	0	0	0	0	0	0	0	0	352	1629	0	0	0	0	0	0	0	2	0	931	1119	991	1172	1063	960	3400	10	199	195	6937	2155	1238	16652	7703	20324	55199	853692	0
FFQ	35	0	0	0	0	0	0	0	0	0	0	404	1984	0	0	0	0	0	0	0	1	0	1032	1378	1028	1202	1148	1030	3462	6	241	207	7374	2203	1237	16875	8238	20584	54552	851737	0
FFQ	36	0	0	0	0	0	0	0	0	0	0	470	1496	0	0	0	0	0	0	0	1	0	1003	1027	967	1111	1315	693	3267	8	166	165	7175	2055	1105	15711	7655	19458	53595	857480	0
FFQ	37	0	0	0	0	0	0	0	0	0	0	657	1637	0	0	0	0	0	0	0	3	1	971	1394	1068	1148	1451	646	3378	10	230	194	7045	1994	1140	15923	7768	19624	52826	855834	0
FFQ	38	0	0	0	0	0	0	0	0	0	0	325	1480	0	0	0	0	0	0	0	1	1	880	947	977	949	1043	612	3291	9	178	165	6419	2007	1003	15129	7760	18616	53621	858570	0
FFQ	39	0	0	0	0	0	0	0	0	0	0	472	2274	0	0	0	0	0	0	1	2	0	1019	1253	1170	1605	1278	790	4178	15	223	235	7146	2623	1030	16998	8592	20603	54381	847008	0
FFQ	40	0	0	0	0	0	0	0	0	0	0	423	1961	0	0	0	0	0	0	0	2	1	1050	1159	985	1349	1177	739	3814	19	222	215	6870	2398	1037	16625	8146	20279	56070	847322	0
FFQ	41	0	0	0	0	0	0	0	0	0	1	446	2243	0	0	0	0	0	0	0	3	3	1126	1123	1095	1557	1314	675	4033	24	250	202	7201	2484	1131	17033	8498	20483	56142	843565	0
FFQ	42	0	0	0	0	0	0	0	0	0	0	392	2110	0	0	1	0	0	0	1	2	1	1039	1080	955	1383	1253	648	3688	19	206	187	6713	2320	1091	16446	7978	19922	55745	846245	0
FFQ	43	0	0	0	0	0	0	0	0	0	0	354	3730	0	0	0	0	0	0	0	1	0	1354	1058	904	1587	1180	853	4298	19	206	235	6800	2346	995	17378	7775	20332	54645	841997	0
FFQ	44	0	0	0	0	0	0	0	0	0	0	270	2167	0	0	0	0	0	0	0	2	0	1145	856	819	1295	1098	825	3525	34	167	153	6347	2249	985	16265	7336	19609	54213	847505	0
FFQ	45	0	0	0	0	0	0	0	0	0	0	229	947	0	0	0	0	0	0	1	4	2	670	714	615	816	907	521	2609	21	140	183	5068	1765	826	13636	6376	17413	51976	860168	0
FFQ	46	0	0	0	0	0	0	0	0	0	0	271	1255	0	0	0	0	0	0	1	1	1	595	919	822	1022	1045	343	2789	34	156	163	5252	1953	788	13490	7060	17491	48436	860405	0
FFQ	47	0	0	0	0	0	0	0	0	0	0	266	1106	0	0	0	0	0	0	0	5	1	636	853	743	868	1064	319	2697	50	178	182	5204	1850	816	13114	6910	16843	47909	861435	0
FFQ	48	0	0	0	0	0	0	0	0	0	0	274	1220	0	0	0	0	0	0	0	5	1	657	962	792	994	1100	331	2810	37	186	190	5312	1847	837	13535	7434	17023	47529	858667	0
FFQ	49	0	0	3	0	0	0	0	0	0	0	357	1585	0	0	0	0	1	0	1	5	1	747	1195	947	1190	1292	430	3208	52	233	222	5850	2016	994	15077	7915	18562	48724	849819	0
FFQ	50	0	0	0	0	0	0	0	0	0	0	393	1678	0	0	0	0	0	0	1	0	2	763	1131	1068	1174	1342	307	3318	69	209	219	6060	2081	952	14919	7705	18381	52093	845119	0
FFQ	51	0	0	0	0	0	0	0	0	0	0	425	1897	0	0	0	0	0	0	0	5	1	906	1218	1165	1452	1578	297	3740	87	273	235	6603	2385	985	16214	8337	19495	54007	836238	0
FFQ	52	0	0	0	0	0	0	0	0	0	1	325	1453	0	0	0	0	0	0	0	10	2	798	1008	821	1229	1338	254	3138	74	230	234	5811	2112	1019	14985	7524	18497	54755	840416	0
FFQ	53	0	0	0	0	0	0	0	0	0	0	343	1344	0	0	0	0	0	0	0	12	3	700	876	775	1107	1299	208	3123	97	205	228	5843	2066	1020	14338	7252	18213	51062	844425	0
FFQ	54	0	0	0	0	0	0	0	0	0	0	379	1413	0	0	0	0	0	0	0	6	10	776	1114	924	1076	1502	196	2873	108	252	251	5866	1973	1047	14535	7604	18336	50595	842209	0
FFQ	55	0	0	0	0	0	0	0	0	0	0	445	1712	0	0	0	0	0	0	1	9	5	870	1316	1057	1259	1593	170	3081	119	279	284	6395	2162	1345	15577	7619	18525	53015	834666	0
FFQ	56	0	0	0	0	0	0	0	0	0	0	462	1395	0	0	0	0	0	0	0	6	8	801	1132	843	1123	1556	152	3122	138	268	255	6120	2022	999	15189	7555	18590	52405	835750	0
FFQ	57	0	0	0	0	0	0	0	0	0	0	388	1568	0	0	0	0	0	0	1	9	6	787	1100	1026	1161	1487	161	3314	172	266	293	5871	2168	915	15114	7839	18697	51984	833888	0
FFQ	58	0	0	0	0	0	0	0	0	0	0	332	1455	0	0	0	0	0	0	0	9	11	779	1003	981	1157	1358	133	3182	169	236	303	5615	1973	900	14500	7902	17776	51485	835316	0
FFQ	59	0	0	0	0	0	0	0	0	0	0	348	1603	0	0	0	0	0	0	1	13	2	755	1141	845	1322	1438	121	3369	189	272	281	5597	2108	894	14894	7556	18142	51278	832664	0
FFQ	60	0	0	0	0	0	0	0	0	0	0	334	1681	0	0	0	0	0	0	1	17	0	777	1181	917	1420	1503	106	3410	195	261	338	5590	2299	938	15417	7992	19022	53133	826553	0
FFQ	61	0	0	0	0	0	0	0	0	0	0	289	1393	0	0	0	0	0	0	1	19	9	750	1035	762	1300	1384	87	3269	258	303	322	5410	2191	950	15262	7752	18966	53078	826564	0
FFQ	62	0	0	0	0	0	0	0	0	0	2	464	2113	0	0	0	0	0	0	0	30	10	831	1364	953	1640	1650	89	3717	300	338	394	5880	2464	1042	16444	8416	20065	55112	816225	0
FFQ	63	0	0	0	0	0	0	0	0	0	1	455	2072	0	0	0	0	0	0	0	24	16	922	1273	836	1695	1658	98	3707	367	330	390	5724	2414	991	16117	8216	19676	54900	815867	0
FFQ	64	0	0	0	0	0	0	0	0	0	0	370	1680	0	0	1	0	0	0	0	34	10	842	1091	792	1454	1377	132	3323	363	290	414	5457	2170	1023	15426	7689	18727	53748	819486	0
FFQ	65	0	0	0	0	0	0	0	0	0	0	311	1528	0	0	0	0	0	0	2	32	13	750	1045	819	1361	1393	112	3179	414	333	448	5265	2034	1010	15149	7660	18808	52873	819460	0
FFQ	66	0	0	0	0	0	0	0	0	0	0	380	1955	0	0	0	0	0	1	2	31	16	752	1290	1170	1319	1509	79	3477	461	384	507	5444	2277	973	15606	7907	19047	53719	813732	0
FFQ	67	0	0	0	0	0	0	0	0	0	1	306	1409	0	0	0	0	0	0	2	54	22	750	1083	897	1148	1408	32	3197	415	357	487	4891	2023	952	14593	7535	18376	52605	817628	0
FFQ	68	0	0	0	0	0	0	0	0	0	0	315	1421	0	0	0	0	0	0	0	52	21	693	1138	804	1356	1389	34	3088	520	362	484	4781	2108	1007	14281	7521	18228	51553	817125	0
FFQ	69	0	0	0	0	0	0	0	0	0	0	371	1647	0	0	0	0	0	0	1	46	22	722	1178	821	1470	1473	25	3265	619	408	512	4958	2221	929	15179	8092	18880	51802	811668	0
FFQ	70	0	0	0	0	0	0	0	0	0	0	362	1597	0	0	0	0	0	0	0	55	31	667	1135	930	1153	1434	32	3057	592	420	588	4804	2026	906	14445	7587	18121	51997	812443	0
FFQ	71	0	0	0	0	0	0	0	0	0	1	648	1917	0	0	0	0	1	0	1	62	42	782	1596	934	1463	1968	29	3357	762	473	641	5644	2224	1136	16592	8497	20174	54061	799364	0
FFQ	72	0	0	0	0	0	0	0	0	0	1	600	1496	0	0	0	0	0	0	2	63	38	743	1389	811	1244	1713	33	2993	748	492	621	5279	2005	1187	15875	7736	19436	57272	798508	0
FFQ	73	0	0	0	0	0	0	0	0	0	0	656	1625	0	0	0	0	1	0	4	71	37	746	1653	924	1452	1912	19	3212	806	491	777	5306	2100	1145	16098	8220	19716	55893	795175	0
FFQ	74	0	0	0	0	0	0	0	0	0	1	656	1514	0	0	0	0	0	0	3	80	48	688	1567	845	1272	1766	15	3083	862	523	747	5080	2070	1201	15646	7810	19481	53892	796983	0
FFQ	75	0	0	0	0	0	0	0	0	0	1	657	1367	0	0	0	0	0	0	2	82	34	724	1574	809	1181	1849	12	2860	1100	758	697	4688	1868	1097	15074	7822	18506	52872	797665	0
FFQ	76	0	0	0	0	0	0	0	0	0	1	1810	2232	0	0	0	0	0	0	2	94	61	1466	1752	1738	1309	1867	11	2986	1269	902	802	4936	1977	1114	14610	7621	17702	51124	791915	0
FFQ	77	0	0	0	0	0	0	0	0	0	0	1094	2415	0	0	0	0	0	1	2	115	65	1747	1723	2334	1452	1996	17	3072	1150	583	867	4240	2147	1098	14751	7920	18040	50901	787433	0
FFQ	78	0	0	0	0	0	0	0	0	0	0	503	1602	0	0	0	0	0	0	4	192	50	987	1355	1630	1373	1939	12	2811	1045	496	866	3633	1850	1157	13950	7218	17384	51790	788721	0
FFQ	79	0	0	0	0	0	0	0	0	0	0	333	1331	0	0	0	0	0	1	3	162	67	612	1112	982	1253	1599	6	2772	1049	499	832	3541	1885	958	13468	7245	17062	49452	790149	0
FFQ	80	0	0	0	0	0	0	0	0	0	1	400	1649	0	0	0	0	0	0	2	130	97	575	1317	900	1389	1615	7	3130	1132	574	1037	3672	2165	1044	14538	7881	18085	51110	781004	0
FFQ	81	0	0	0	0	0	0	0	0	0	0	443	1570	0	0	0	0	1	0	5	157	84	517	1237	834	1364	1531	8	3087	1205	575	1067	3529	2095	1109	14522	7700	17925	50939	779386	0
FFQ	82	0	0	0	0	0	0	0	0	0	1	399	1443	0	0	0	0	0	0	10	151	105	492	1221	809	1316	1460	5	2893	1178	529	1089	3404	2020	1203	14070	7557	17994	51769	777392	0
FFQ	83	0	0	0	0	0	0	0	0	0	0	414	1361	0	0	0	0	2	0	5	128	109	423	1195	759	1208	1442	3	2963	1196	570	1036	3175	2050	1128	13659	7480	17622	50655	777580	0
FFQ	84	0	0	0	0	0	0	0	0	0	0	360	1278	0	0	0	0	1	0	3	150	100	364	1148	757	1134	1331	2	2732	1131	538	1032	3136	1905	1175	13248	7353	17075	50474	777329	0
FFQ	85	0	0	0	0	0	0	0	0	0	1	442	1512	0	0	0	0	1	0	10	187	113	363	1302	886	1395	1564	7	3089	1377	612	1212	3270	2188	1193	14135	8115	18116	50182	770136	0
FFQ	86	0	0	0	0	0	0	0	0	0	0	403	1244	0	0	0	0	1	0	4	169	122	356	1135	694	1212	1370	3	2744	1265	586	1179	3051	2036	1265	13235	7452	17637	50199	771684	0
FFQ	87	0	0	0	0	0	0	0	0	0	0	431	1417	0	0	0	0	0	0	5	215	123	352	1280	792	1307	1434	4	2991	1321	615	1250	3060	2136	1266	13824	7864	17636	50685	766591	0
FFQ	88	0	0	0	0	0	0	0	0	0	2	432	1380	0	0	0	1	0	0	6	200	130	345	1296	861	1257	1458	2	2947	1452	643	1340	3052	2171	1349	13771	7813	17939	51139	763225	0
FFQ	89	0	0	0	0	0	0	0	0	0	3	494	1432	0	0	0	0	0	0	11	202	126	306	1271	797	1303	1543	1	3126	1503	664	1389	3046	2245	1429	14090	8090	17890	51629	759252	0
FFQ	90	0	0	0	0	0	0	0	0	0	2	450	1465	0	0	0	0	1	0	12	236	151	327	1257	867	1284	1440	1	3039	1481	690	1410	2894	2210	1450	13700	7684	18103	51641	757682	0
FFQ	91	0	0	0	0	0	0	0	0	0	0	393	1210	0	0	0	1	0	0	16	225	150	263	1136	718	1174	1361	1	2750	1440	595	1255	2628	2037	1300	13140	7439	17145	50230	760526	0
FFQ	92	0	0	0	0	0	0	0	0	0	0	376	1144	0	0	0	0	0	0	15	205	134	244	1157	739	1146	1368	1	2815	1380	610	1373	2660	1944	1333	12746	7660	16810	49267	759635	0
FFQ	93	0	0	0	0	0	0	0	0	0	1	473	1330	0	0	0	0	0	0	9	212	145	239	1269	817	1382	1502	1	2987	1512	646	1485	2684	2181	1451	13611	8190	17311	49856	753057	0
FFQ	94	0	0	0	0	0	0	0	0	0	5	569	1455	0	0	0	0	0	0	17	263	166	245	1373	885	1367	1562	2	3123	1579	707	1535	2816	2261	1575	14018	8125	18094	52415	745634	0
FFQ	95	0	0	0	0	0	0	0	0	0	5	433	1111	0	0	0	1	0	0	20	243	163	172	1044	782	1175	1294	3	2732	1417	682	1417	2618	2084	1611	12587	7451	17733	50878	749679	0
FFQ	96	0	0	0	0	0	0	0	0	0	2	415	1069	0	0	0	0	1	0	18	190	159	168	1075	683	1098	1231	1	2496	1393	611	1387	2367	2003	1486	11901	7223	16723	49773	751382	0
FFQ	97	0	0	0	0	0	0	0	0	0	3	519	1190	0	0	0	0	0	0	15	229	172	177	1239	859	1258	1345	3	2890	1461	634	1552	2559	2182	1560	12673	7914	16942	49039	745933	0
FFQ	98	0	0	0	0	0	0	0	0	0	4	459	1224	0	0	0	0	0	0	25	214	179	165	1209	772	1166	1288	4	2644	1479	650	1464	2479	2126	1718	12103	7532	16895	50046	743988	0
FFQ	99	0	0	0	0	0	0	0	0	0	3	601	1631	0	0	0	0	1	0	31	276	228	173	1399	987	1451	1569	3	3332	1634	704	1691	2803	2376	1878	13758	8347	18391	53881	730103	0
FFQ	100	0	0	0	0	0	0	0	0	0	3	540	1332	0	0	0	0	0	1	30	287	189	130	1284	833	1300	1450	2	2971	1634	715	1729	2652	2359	1962	12813	7993	17914	54751	729739	0
FFQ	101	0	0	0	0	0	0	0	0	0	6	530	1269	0	0	0	0	1	0	31	241	219	139	1180	800	1241	1472	6	2982	1612	709	1704	2470	2341	1869	12817	8126	17595	52161	730491	0
FFQ	102	0	0	0	0	0	0	0	0	0	9	497	1108	0	0	0	0	1	1	39	230	206	121	1153	751	1259	1391	3	2659	1541	675	1677	2483	2207	1932	12162	7742	16989	51698	730954	0
FFQ	103	0	0	0	0	0	0	0	0	0	4	551	1179	0	0	0	0	3	1	40	256	199	125	1149	805	1321	1392	5	2783	1556	676	1699	2491	2335	1842	12404	7981	17191	51047	727828	0
FFQ	104	0	0	0	0	0	0	0	0	0	7	511	1148	0	0	0	0	0	0	42	203	186	105	1201	827	1237	1382	7	2797	1546	736	1636	2517	2231	1954	12288	8000	17049	50662	725894	0
FFQ	105	0	0	0	0	0	0	0	0	0	1	421	1070	0	0	0	0	0	0	47	221	180	89	1119	796	1169	1283	9	2646	1402	744	1550	2255	2154	1894	11288	7804	16310	48945	728073	0
FFQ	106	0	0	0	0	0	0	0	0	0	6	680	1498	0	0	0	0	0	0	56	231	203	99	1349	866	1378	1472	8	3003	1606	673	1791	2563	2328	2185	12334	7878	17099	52006	717496	0
FFQ	107	0	0	0	0	0	0	0	0	0	8	434	970	0	0	1	0	3	0	57	260	192	86	1036	768	1075	1262	7	2514	1421	721	1578	2304	2105	2183	11306	7670	16181	51967	720097	0
FFQ	108	0	0	0	0	0	0	0	0	0	12	532	1096	0	0	0	0	2	0	59	225	195	80	1243	815	1294	1307	11	2777	1504	784	1694	2530	2308	2079	11731	8058	16828	51622	714786	0
FFQ	109	0	0	0	0	0	0	0	0	0	13	478	1006	0	0	0	0	2	1	53	223	205	76	1099	765	1091	1249	13	2557	1461	678	1610	2344	2231	2058	11251	7696	16284	49593	716762	0
FFQ	110	0	0	0	0	0	0	0	0	0	12	713	1465	0	0	0	0	4	1	77	250	254	80	1399	982	1458	1492	9	3147	1636	803	1833	2709	2539	2305	12522	8651	17710	52665	703551	0
FFQ	111	0	0	0	0	0	0	0	0	0	7	468	984	0	0	0	2	4	0	78	209	235	56	1033	747	1157	1353	6	2608	1432	771	1654	2364	2299	2376	11144	7872	16364	52634	707728	0
FFQ	112	0	0	0	0	0	0	0	0	0	15	483	1082	0	0	0	0	2	0	59	221	200	52	1154	856	1201	1309	10	2651	1459	778	1583	2333	2197	2268	11115	8143	16260	50509	706926	0
FFQ	113	0	0	0	0	0	0	0	0	0	18	543	1044	0	0	0	1	3	1	81	193	208	64	1177	828	1209	1371	14	2794	1497	775	1656	2364	2294	2191	11600	8314	16377	49992	703520	0
FFQ	114	0	0	0	0	0	0	0	0	0	11	520	1028	0	0	0	0	7	0	93	212	229	58	1188	812	1246	1364	20	2656	1458	806	1662	2434	2289	2256	11408	7997	16108	50424	701087	0
FFQ	115	0	0	0	0	0	0	0	0	0	13	541	1106	0	0	0	0	4	3	106	224	188	58	1218	845	1216	1332	19	2658	1509	848	1606	2434	2247	2434	11168	8087	15943	49481	699388	0
FFQ	116	0	0	0	0	0	0	0	0	0	11	534	1066	0	0	1	0	3	0	90	193	207	48	1247	893	1263	1338	26	2792	1492	887	1643	2477	2352	2398	11118	8325	15905	50030	695553	0
FFQ	117	0	0	0	0	0	0	0	0	0	13	479	955	0	0	0	0	2	2	109	216	206	53	1149	807	1126	1314	20	2601	1453	886	1576	2470	2289	2265	10972	8299	15557	48879	695378	0
FFQ	118	0	0	3	0	0	0	0	0	0	45	819	1496	0	0	0	0	3	2	147	256	234	51	1369	999	1409	1607	24	3099	1696	969	1756	2769	2537	2762	12318	8784	17033	54828	679225	0
FFQ	119	0	0	0	0	0	0	0	0	0	12	338	652	0	0	0	0	5	2	79	173	166	38	853	638	853	1074	18	2041	1280	831	1434	2420	2355	1953	9951	7450	14867	56002	688021	0
FFQ	120	0	0	0	0	0	0	0	0	0	17	295	588	0	0	0	1	3	0	85	117	130	30	815	555	744	958	20	1931	1067	692	1224	1883	1799	1872	9142	7068	13512	45826	700283	0
FFQ	121	0	0	1	0	0	0	0	0	0	29	389	739	0	0	0	0	2	1	97	118	147	20	1002	650	1042	1067	18	2099	1139	743	1249	1928	1880	1853	9911	7772	13921	43953	696106	0
FFQ	122	0	0	0	0	0	0	0	0	0	24	388	758	0	0	0	0	2	0	100	122	146	27	923	628	927	1142	17	2053	1142	762	1257	2071	1924	1748	9711	7682	13627	43356	694607	0
FFQ	123	0	0	0	0	0	0	0	0	0	32	467	857	0	0	0	0	8	2	131	117	148	24	1102	722	1025	1175	19	2358	1219	837	1251	2116	1980	1936	10167	7895	13894	44012	688710	0
FFQ	124	0	0	2	0	0	0	0	0	0	34	465	840	0	0	1	0	5	1	141	119	144	30	1130	794	1110	1249	37	2405	1251	920	1251	2276	2091	1965	10539	8329	14155	45040	683010	0
FFQ	125	0	0	0	0	0	0	0	0	0	35	400	794	0	0	1	0	4	0	136	117	154	19	1081	712	1074	1182	33	2272	1224	931	1222	2150	2035	1926	10198	8197	13577	45317	681709	0
FFQ	126	0	0	0	0	0	0	0	0	0	57	524	1089	0	0	0	0	7	3	164	131	187	25	1243	863	1245	1417	44	2674	1350	1005	1350	2454	2109	2167	11316	8671	14675	46965	671824	0
FFQ	127	0	0	0	0	0	0	0	0	0	40	336	651	0	0	1	1	4	0	135	111	154	20	881	598	843	1033	30	1974	1073	903	1125	2104	1928	1829	9802	7535	13100	47037	677615	0
FFQ	128	0	0	0	0	0	0	0	0	0	43	329	702	0	0	0	0	9	2	107	82	125	14	947	673	890	1092	38	2031	1047	870	1043	2006	1769	1809	9806	7522	12674	43546	678777	0
FFQ	129	0	0	0	0	0	0	0	0	0	39	306	626	0	0	0	0	7	0	130	78	99	17	878	579	845	1029	41	2035	962	837	968	1868	1758	1580	9195	7257	12352	41831	679826	0
FFQ	130	0	0	0	0	0	0	0	0	0	62	417	890	0	0	1	0	7	2	163	92	151	24	1171	723	1123	1285	49	2448	1109	998	1106	2264	2043	1829	10753	8501	13465	44334	667261	0
FFQ	131	0	0	0	0	0	0	0	0	0	69	499	924	0	0	0	0	7	2	174	111	177	26	1215	785	1108	1317	71	2524	1138	1006	1217	2335	2123	1898	11146	8497	13508	46102	661430	0
FFQ	132	0	0	0	0	0	0	0	0	0	66	429	714	0	0	0	0	8	1	167	94	161	37	1067	658	966	1217	57	2269	1110	1014	1035	2340	2062	1660	10234	8075	12897	45229	663093	0
FFQ	133	0	0	0	0	0	0	0	0	0	82	396	806	0	0	0	0	16	1	165	77	129	22	1142	672	969	1266	68	2417	1157	995	1044	2299	2044	1761	10648	8337	13144	44798	659333	0
FFQ	134	0	0	0	0	0	0	0	0	0	74	425	822	0	0	2	0	7	0	190	97	137	32	1125	720	1039	1278	71	2417	1111	1068	992	2282	1984	1827	10744	8335	12933	45012	656136	0
FFQ	135	0	0	2	0	0	0	0	0	0	99	441	857	0	0	0	0	8	6	213	90	127	21	1158	711	1075	1301	76	2427	1206	1086	1034	2455	2073	1778	11307	8267	13198	46284	650632	0
FFQ	136	0	0	0	0	0	0	0	0	0	89	411	819	0	0	0	0	15	3	206	68	119	33	1200	657	993	1276	93	2446	1134	1114	963	2460	2093	1667	10951	8431	13074	45764	648930	0
FFQ	137	0	0	0	0	0	0	0	0	0	87	378	800	0	0	0	1	6	3	222	62	139	39	1148	593	1022	1240	102	2240	1047	1032	921	2457	2115	1626	11055	8158	12722	45878	646974	0
FFQ	138	0	0	0	0	0	0	0	0	0	105	400	852	0	0	0	1	23	1	202	66	125	31	1223	623	1046	1283	86	2272	1054	1165	921	2423	2045	1655	11125	8106	12638	47431	642204	0
FFQ	139	0	0	0	0	0	0	0	0	0	66	279	583	0	0	0	3	8	6	162	45	116	25	951	457	816	1106	105	1978	918	1071	725	2242	1810	1378	9974	7470	11778	45796	646421	0
FFQ	140	0	0	0	0	0	0	0	0	0	72	261	587	0	0	0	0	7	2	174	37	93	28	968	457	730	956	83	1832	807	976	728	2056	1740	1327	9655	7305	11407	40998	650092	0
FFQ	141	0	0	0	0	0	0	0	0	0	79	279	577	0	0	0	0	15	2	162	41	101	25	1050	430	863	1057	97	1867	829	954	660	2081	1764	1268	9553	7333	11121	39886	648363	0
FFQ	142	0	0	0	0	0	0	0	0	0	78	269	528	0	0	0	0	11	3	149	30	81	34	1049	426	831	1032	112	1823	777	945	679	2032	1581	1216	9628	7213	10780	39108	647139	0
FFQ	143	0	0	0	0	0	0	0	0	0	106	262	631	0	0	0	1	20	3	180	34	85	34	1043	459	864	1092	131	1899	822	955	643	2026	1584	1243	9846	7464	10840	39842	642554	0
FFQ	144	0	0	0	0	0	0	0	0	0	142	326	762	0	0	1	2	14	4	201	44	95	28	1253	544	978	1308	145	2201	882	1111	698	2265	1852	1517	10860	7945	11905	43805	630808	0
FFQ	145	0	0	0	0	0	0	0	0	0	127	264	582	0	0	1	1	21	3	175	40	87	42	985	368	824	1134	137	1790	785	1060	623	2163	1608	1224	10055	7239	10968	42694	633813	0
FFQ	146	0	0	0	0	0	0	0	0	0	121	242	611	0	0	2	2	19	4	170	29	92	31	1182	396	882	1222	154	1869	753	938	599	2236	1713	1249	10313	7349	11026	40948	631725	0
FFQ	147	0	0	0	0	0	0	0	0	0	118	218	522	0	0	1	0	14	4	164	27	79	21	1078	339	762	1083	147	1766	700	1015	571	1968	1553	1138	9788	6995	10508	40018	632354	0
FFQ	148	0	0	0	0	0	0	0	0	0	122	234	568	0	0	0	0	26	7	156	28	78	27	1126	336	878	1182	145	1841	718	1001	574	2007	1593	1200	10224	7202	10720	39005	629013	0
FFQ	149	0	0	0	0	0	0	0	0	0	103	197	483	0	0	2	2	11	7	152	27	73	27	1122	336	792	1116	183	1673	647	967	537	1936	1510	1064	9807	7035	10245	38618	628435	0
FFQ	150	0	0	0	0	0	0	0	0	0	144	235	629	0	0	2	1	27	7	185	24	79	30	1119	374	855	1171	179	1884	675	1055	555	2173	1477	1168	10504	7143	10708	39659	622123	0
FFQ	151	0	0	0	0	0	0	0	0	0	178	279	636	0	0	2	2	28	5	216	33	85	29	1306	376	939	1249	211	1942	692	1128	576	2348	1621	1326	11121	7491	11656	40383	615369	0
FFQ	152	0	0	0	0	0	0	0	0	0	201	278	764	0	0	0	2	25	11	210	30	91	29	1434	413	969	1402	253	2025	779	1227	582	2419	1649	1226	11462	7624	11217	42461	609584	0
FFQ	153	0	0	0	0	0	0	0	0	0	165	229	670	0	0	0	3	32	15	200	40	79	27	1328	357	957	1509	298	1860	727	1186	526	2442	1560	1330	11567	7454	11303	44079	605531	0
FFQ	154	0	0	0	0	0	0	0	0	0	195	256	679	0	0	4	3	25	23	211	31	80	41	1389	397	958	1474	282	1817	752	1221	532	2357	1555	1365	11607	7359	11033	44159	602658	0
FFQ	155	0	0	0	0	0	0	0	0	1	181	234	562	0	0	0	5	21	14	165	22	134	126	1237	494	987	1342	482	1666	1158	1268	937	2455	1513	1321	12648	10960	11509	43183	594738	0
FFQ	156	0	0	0	0	0	0	0	1	234	6801	14421	16977	0	2	113	510	354	835	2384	1020	1001	2711	2046	1028	1656	1564	687	1503	975	1476	573	2432	1275	1155	9830	6554	9591	36257	556840	0
FFQ	157	0	0	0	0	0	0	0	46	390	1059	1666	669	230	398	1166	4127	6583	1495	4843	392	9110	2243	1555	1568	1700	7107	3321	2043	4321	1281	2077	2434	1517	1253	10839	7065	10202	38022	549272	0
FFQ	158	0	0	0	0	0	0	0	0	0	214	191	597	0	0	3	2	39	32	276	118	670	1146	3402	3923	2382	2055	706	2203	2617	3050	1573	15085	3132	1205	17070	10699	16596	42680	545279	0
FFQ	159	0	0	0	0	0	0	0	0	0	587	943	2540	0	0	9	16	131	56	752	100	300	91	1762	1287	1312	2464	594	3652	1575	2932	1201	8883	2592	2511	17669	9434	13300	65257	528402	0
FFQ	160	0	0	0	0	0	0	0	0	3	302	313	703	0	0	32	89	87	165	432	117	305	335	1611	589	1521	2263	1821	2300	3488	1758	2139	4442	2287	1777	16780	12030	14742	59576	535439	0
FFQ	161	0	0	4	0	0	0	0	0	0	309	268	915	0	0	4	2	48	39	292	47	120	76	1718	455	1153	2009	541	2434	971	1776	721	3651	1830	1710	14722	8506	12969	58943	548153	0
FFQ	162	0	0	0	0	0	0	0	0	0	383	294	981	0	0	8	3	58	25	287	49	146	105	1808	672	1235	1981	566	2191	913	1622	653	3115	1677	1556	14210	8501	16323	48843	553027	0
FFQ	163	0	0	0	0	0	0	0	0	0	1143	1831	5180	0	0	35	32	342	187	1676	308	701	82	1520	3313	1256	2936	639	3509	1053	1875	762	3948	1493	2143	13422	7816	14018	44674	541917	0
FFQ	164	0	0	0	0	0	0	0	0	46	413	265	627	0	34	150	435	305	655	2175	942	1386	129	1406	716	1498	3135	3554	3182	2233	1209	2154	3510	1607	1519	12510	7050	13890	41806	546367	0
FFQ	165	0	0	0	0	0	0	0	0	0	295	193	707	0	0	2	4	49	51	230	74	146	123	1665	676	1061	1841	563	2088	1114	1907	893	5391	1691	1550	14247	8115	13330	48007	545855	0
FFQ	166	0	0	4	0	0	0	0	0	0	946	1346	4028	0	0	29	19	242	146	992	200	373	76	1924	1940	1394	2679	744	3130	1074	2158	804	4107	1567	2107	14724	8018	13769	51049	529047	0
FFQ	167	0	0	0	0	0	0	0	0	0	299	214	718	0	0	58	25	110	108	494	354	696	314	1673	1001	1133	2087	1096	1434	1928	2228	712	5888	1570	1829	13976	8729	17411	41988	537428	0
FFQ	168	0	0	1	0	0	0	0	0	0	10267	7830	26630	0	0	69	69	756	1270	2645	1755	1122	2223	3284	3111	2895	2338	1430	1952	1165	2390	913	4046	1528	1830	13987	7471	12640	45118	480007	0
FFQ	169	0	0	0	0	0	0	0	0	268	988	794	605	0	184	714	2043	1310	4540	9044	4886	6625	2246	1535	2029	3057	5374	8844	4314	6056	1399	4899	3572	1532	2257	12369	7030	14298	37797	487245	0
FFQ	170	0	0	0	0	0	0	0	0	0	287	147	655	0	0	5	7	67	86	307	164	419	552	2314	1395	1217	2083	1037	3109	3142	4053	3397	15148	2374	1695	20141	9674	15891	54649	490889	0
FFQ	171	0	0	0	0	0	0	0	0	0	282	152	609	0	0	7	2	55	79	152	49	121	78	1461	720	1021	1876	805	1622	844	1687	794	3834	1392	1907	15787	7962	14740	70736	502257	0
FFQ	172	0	0	0	0	0	0	0	0	0	361	163	756	0	0	6	7	62	78	172	50	143	103	1522	723	1142	1950	761	1744	673	1527	640	2889	1303	1688	14349	7444	14655	53381	519808	0
FFQ	173	0	0	0	0	0	0	0	0	0	362	185	776	0	0	11	6	54	69	174	60	181	116	1772	934	1302	1847	753	1467	752	1334	637	2803	1412	1647	14685	7478	16813	44505	522945	0
FFQ	174	0	0	0	0	0	0	0	0	0	2628	1767	6520	0	1	141	116	582	570	244	730	784	648	2152	1276	1339	1659	855	1144	720	1518	731	2606	1156	1757	14056	7620	16446	38561	512444	0
FFQ	175	0	0	0	0	0	0	0	41	112	483	157	734	238	481	993	2022	2644	413	1597	165	2398	534	1402	1838	1413	2965	1326	1190	773	1803	816	2690	907	2074	14038	7398	18164	38254	507631	0
FFQ	176	0	0	0	0	0	0	0	0	0	659	271	1295	0	0	16	13	108	144	245	128	462	702	3437	2173	1722	2156	1161	1572	1496	2048	1523	6289	1333	1900	15601	7695	16269	38940	504651	0
FFQ	177	0	0	0	0	0	0	0	0	0	926	408	2413	0	0	27	17	151	187	665	132	379	122	1779	2420	1469	2338	1017	2356	949	2064	1048	4705	1166	2064	15604	7661	15690	42084	498214	0
FFQ	178	0	0	0	0	0	0	0	0	0	433	199	724	0	0	14	10	80	99	182	96	1620	495	2133	1329	1483	2156	1275	1576	2001	2894	943	5243	1468	1889	15341	8348	16966	42168	493410	0
FFQ	179	0	0	0	0	0	0	0	0	0	1668	1088	4023	0	0	99	71	353	406	183	417	541	397	1516	1544	1341	1564	971	896	586	1569	827	2383	771	1948	14362	7516	18031	36661	495487	0
FFQ	180	0	0	0	0	0	0	0	0	17	3000	2329	7354	0	15	155	299	539	1151	2167	1157	1629	1386	1888	2376	2100	2902	2290	2749	1347	2163	1694	3155	1136	2214	14691	7171	16163	36520	469292	0
FFQ	181	0	0	0	0	0	0	0	0	0	774	465	1421	0	0	107	84	413	715	752	1199	1316	2404	1825	3087	1557	2243	1442	1340	2562	2221	2101	4974	1366	2940	17049	8150	21082	33186	471116	0
FFQ	182	0	0	0	0	0	0	0	0	0	670	278	1564	0	0	22	29	167	206	389	817	967	651	1972	2217	1560	2231	1248	1956	2548	2231	1518	4560	1250	2760	16932	7704	20823	38910	467416	0
FFQ	183	0	0	0	0	0	0	0	0	0	889	351	2328	0	0	26	30	212	236	657	188	512	452	1238	3159	1302	1492	993	1477	722	1811	1201	3199	666	2440	15103	7457	20378	33879	476742	0
FFQ	184	0	0	0	0	0	0	0	0	0	366	224	496	0	0	33	26	105	105	319	357	1801	621	1599	1938	1326	1442	1058	900	1353	2106	1078	3661	1034	1663	14377	7621	18548	32813	479102	0
FFQ	185	0	0	0	0	0	0	0	0	0	624	244	1110	0	0	28	29	177	158	444	152	490	365	1322	3189	1344	1579	1017	1799	797	1823	1222	3333	664	2075	14141	6968	18209	32026	476609	0
FFQ	186	0	0	0	0	0	0	0	0	0	446	237	512	0	0	22	14	87	156	127	99	606	530	1236	1913	1440	1284	1116	551	644	1972	1555	2728	589	2477	15179	7899	19512	32047	473988	0
FFQ	187	0	0	0	0	0	0	0	0	0	427	216	505	0	0	22	23	72	98	71	52	567	383	1157	1976	1408	1281	1029	610	581	1651	1261	2035	642	2062	15086	7415	20117	34060	471172	0
FFQ	188	0	0	0	0	0	0	0	0	0	1703	1063	3512	0	0	39	46	212	445	505	263	837	866	1067	2033	1460	1058	964	396	482	1600	1255	1606	519	1796	13643	6745	18595	29835	469175	0
FFQ	189	0	0	0	0	0	0	0	23	59	1689	1017	2963	203	466	897	1361	1864	533	1241	222	1880	836	1092	2240	1702	1402	1141	501	463	1650	1193	1777	484	1758	14158	6721	17890	29975	458406	0
FFQ	190	0	0	0	0	0	0	0	27	52	442	193	433	149	328	775	1110	1370	271	634	172	1814	1398	875	2485	1487	1660	1198	632	1151	2152	2545	2895	461	1933	14082	6750	17922	29269	458338	0
FFQ	191	0	0	0	0	0	0	0	0	0	414	215	405	0	0	30	13	61	98	90	98	908	935	2015	2208	1356	1198	949	795	1188	1865	2043	3234	612	2063	15162	7405	19154	30677	456230	0
FFQ	192	0	0	0	0	0	0	0	0	0	466	226	430	0	0	32	37	64	96	93	48	824	486	877	1791	1360	1290	983	813	754	1835	1885	2170	685	2158	15676	7441	20122	34230	450313	0
FFQ	193	0	0	14	0	0	0	0	0	0	644	328	640	0	0	38	21	87	144	83	60	771	429	1283	2048	1723	1487	1089	1000	707	1722	1501	2156	685	1874	17018	7221	20813	36944	441701	0
FFQ	194	0	0	0	0	0	0	0	0	0	563	313	559	0	0	55	45	91	135	69	62	1047	565	1103	1829	1415	1581	884	905	1183	1549	1900	1607	863	1370	16698	6747	20793	36643	440763	0
FFQ	195	0	0	0	0	0	0	0	0	0	539	321	480	0	0	45	44	80	131	77	53	1000	568	969	2273	1653	1258	1096	636	772	1805	1692	1615	551	1767	16434	7087	20587	33095	441591	0
FFQ	196	0	0	0	0	0	0	0	0	0	6066	4515	7539	0	0	561	440	649	430	1123	658	2656	1057	1357	1964	1361	1413	898	772	1202	1540	1874	1219	830	1004	15140	6313	19180	31230	416911	0
FFQ	197	0	0	0	0	0	0	0	83	143	919	565	800	389	819	1996	1927	2658	1089	2531	1139	4093	1072	1287	2177	1570	1961	1584	1434	2108	3301	1718	2280	634	1251	14569	6261	18625	29962	415786	0
FFQ	198	0	0	0	0	0	0	0	0	0	524	358	420	0	0	49	44	87	197	161	342	2615	2846	1539	3011	1508	2104	1771	1994	2617	3082	3042	3538	2018	1635	19194	7547	20178	31950	409423	0
FFQ	199	0	0	0	0	0	0	0	0	0	1271	1170	3177	0	0	145	153	297	496	578	143	1309	775	1056	2816	1517	1743	1081	1710	1430	2051	3021	2486	875	2235	18265	7069	22023	35888	401491	0
FFQ	200	0	0	0	0	0	0	0	0	46	2012	1336	2417	0	0	324	330	716	1546	770	501	1855	826	1272	1914	2207	2129	2127	992	1808	1965	2282	1526	692	1125	17907	8840	19864	34596	398984	0
FFQ	201	0	0	0	0	0	0	0	37	64	494	269	368	236	484	805	813	1017	220	525	143	1703	762	643	2301	1506	1795	1250	1021	1406	2115	2105	1415	1272	1249	17132	6663	20914	32732	406647	0
FFQ	202	0	0	0	0	0	0	0	0	6	588	337	466	0	0	47	56	69	88	104	65	1367	904	1161	1958	1381	1653	1061	1346	1574	1828	3070	2327	696	1651	17290	7694	19782	35215	403297	0
FFQ	203	0	0	0	0	0	0	0	1	480	3145	2088	988	1	1	246	272	321	618	652	608	1691	820	1706	2732	1864	2334	1427	2404	1467	2275	2775	1907	785	1580	18754	8493	18828	34224	385828	0
FFQ	204	0	0	0	0	0	0	0	142	116	500	287	404	470	938	1098	931	1415	374	892	1893	2259	3511	1819	3379	2926	4008	2045	1237	1579	2545	2216	1428	806	886	14906	6779	18151	30122	388371	0
FFQ	205	0	0	0	0	0	0	0	0	0	478	329	280	0	0	77	61	85	214	367	119	1984	1614	1103	2069	1167	1953	1640	1923	2759	2117	4034	2381	1434	1216	17615	6616	20813	31516	389675	0
FFQ	206	0	0	0	0	0	0	0	0	0	505	309	251	0	0	67	56	64	83	69	41	1410	623	892	1729	1260	1402	875	1114	1875	1790	2253	1782	1355	736	18071	6543	21508	32784	391695	0
FFQ	207	0	0	0	0	0	0	0	0	3	526	308	269	0	0	79	44	59	59	69	62	1293	628	959	1917	1102	1260	694	824	1523	1037	2058	1221	826	505	16434	6383	19965	32955	395283	0
FFQ	208	0	0	0	0	0	0	0	0	10	544	352	231	0	0	62	50	45	70	74	56	1313	645	960	1869	1196	1247	706	822	1288	1152	2045	1118	611	523	15822	7714	18261	32232	394624	0
FFQ	209	0	0	0	0	0	0	0	0	6	531	364	261	0	0	72	58	55	70	91	75	1407	683	988	1906	1150	1240	645	748	1400	1165	2086	998	585	495	15501	7350	17422	31428	394140	0
FFQ	210	0	0	0	0	0	0	0	0	24	455	280	189	0	0	68	65	58	49	94	82	1399	704	1076	1507	941	1089	523	820	1779	834	1902	1026	806	411	14492	7562	16436	37008	388455	0
FFQ	211	0	0	0	0	0	0	0	0	4	714	440	388	0	0	62	81	66	148	71	60	1630	752	1189	1927	1447	1640	788	1271	1384	1372	2374	1370	699	862	17706	6815	19254	35312	377432	0
FFQ	212	0	0	0	0	0	0	0	0	36	656	410	269	0	9	93	95	70	85	151	154	1479	760	1463	1979	1300	1566	896	1331	1877	1569	2314	1742	1450	1141	17085	9308	17385	40818	367040	0
FFQ	213	0	0	0	0	0	0	0	0	31	601	399	226	0	5	80	80	71	70	101	101	1696	822	1351	1730	1290	1474	734	1040	1997	1481	2471	1443	1452	1204	16673	7141	19687	39735	366573	0
FFQ	214	0	0	0	0	0	0	0	0	27	526	356	190	0	0	79	79	63	54	135	96	1479	705	1235	1659	1095	1330	628	979	1932	836	2143	1075	653	192	16510	8175	17865	32029	376958	0
FFQ	215	0	0	0	0	0	0	0	0	10	502	360	199	0	0	70	69	51	73	92	61	1639	751	1212	1416	1177	1287	454	938	1848	855	2150	872	617	326	15775	7001	17936	31285	377335	0
FFQ	216	0	0	0	0	0	0	0	0	22	512	355	174	0	0	92	62	52	43	140	108	1426	677	1240	1684	1086	1212	561	980	1678	766	1949	1050	562	155	15850	8007	16688	30742	375827	0
FFQ	217	0	0	0	0	0	0	0	0	43	478	319	129	0	0	79	78	57	48	244	213	1445	671	1495	1048	915	1162	360	1094	1710	796	1749	745	434	39	14926	10401	13433	30156	376736	0
FFQ	218	0	0	0	0	0	0	0	0	24	558	385	149	0	0	61	75	47	51	144	137	1533	745	1419	1322	1094	1269	447	1030	1821	796	2003	822	503	170	15684	8787	15813	30412	370901	0
FFQ	219	0	0	0	0	0	0	0	0	35	752	479	299	0	0	96	104	105	155	248	176	1865	802	1734	1088	1168	1875	581	1776	1794	1053	2224	951	687	320	16851	8835	15890	32341	361080	0
FFQ	220	0	0	0	0	0	0	0	49	68	601	345	193	33	38	102	116	164	204	440	589	1662	1105	1907	1362	1453	2150	876	2132	1905	1923	2799	1580	1241	994	15943	10283	14278	31771	354289	0
FFQ	221	0	0	0	0	0	0	0	20	37	511	318	116	8	14	75	95	116	164	297	430	1759	1108	1670	1122	1367	2144	813	1897	2144	1779	3180	1443	1397	1348	16136	8090	17052	31521	351791	0
FFQ	222	0	0	0	0	0	0	0	0	35	508	344	111	0	0	74	87	39	56	227	203	1601	737	1596	836	958	1407	424	1265	1752	925	1935	675	626	97	16141	10543	14332	31584	358172	0
FFQ	223	0	0	0	0	0	0	0	0	63	473	292	80	0	4	68	72	48	56	264	242	1661	727	1676	495	895	1260	260	1113	1653	1107	1739	584	632	412	14455	10504	12782	38887	352112	0
FFQ	224	0	0	0	0	0	0	0	0	40	568	364	82	0	0	79	78	37	68	243	228	1616	721	1636	973	936	1325	379	1220	1667	898	1807	671	467	98	15596	10233	13613	30651	355677	0
FFQ	225	0	0	0	0	0	0	0	0	100	542	382	91	0	8	71	73	53	61	292	267	1825	843	1674	793	990	1397	383	1186	1708	1486	2012	1132	1058	1026	14489	9701	14527	57124	324047	0
FFQ	226	0	0	0	0	0	0	0	0	96	509	263	63	0	2	67	83	46	53	432	401	1658	680	1895	342	927	1396	251	1407	1550	1274	1428	567	477	328	14733	13640	9716	38672	343682	0
FFQ	227	0	0	0	0	0	0	0	0	63	541	305	71	0	3	55	76	47	51	322	285	1747	775	1619	692	926	1330	306	1221	1731	948	1764	743	675	322	14995	10038	13585	38677	340034	0
FFQ	228	0	0	0	0	0	0	0	0	78	574	292	68	0	2	82	76	36	57	379	357	1812	831	1936	422	906	1424	240	1330	1717	1224	1719	621	595	462	14995	12071	11335	38753	336893	0
FFQ	229	0	0	0	0	0	0	0	0	83	516	336	56	0	5	68	79	45	52	274	300	1937	934	1854	232	890	1502	176	1197	1920	1262	1998	726	778	720	14389	9808	13466	53658	319447	0
FFQ	230	0	0	0	0	0	0	0	0	122	572	206	38	0	1	75	63	45	62	528	526	1549	619	2192	151	840	1434	177	1711	1258	1416	1184	439	383	307	14686	15511	7228	38059	334749	0
FFQ	231	0	0	0	0	0	0	0	0	61	744	466	112	0	0	104	97	57	76	256	196	2256	955	2029	944	1182	1525	283	1329	2348	762	2323	648	555	39	17526	9386	16179	32131	328854	0
FFQ	232	0	0	0	0	0	0	0	0	158	804	401	91	0	6	133	116	61	97	678	584	1976	878	2389	1114	1225	1905	536	1821	1728	2141	2069	1455	1048	1294	16688	14792	11173	63812	289402	0
FFQ	233	0	0	0	0	0	0	0	0	283	567	220	23	0	37	78	104	59	36	766	777	1904	963	2373	561	1009	1874	556	1738	1747	3759	2403	2521	1913	3402	12632	15736	9208	104404	246227	0
FFQ	234	0	0	0	0	0	0	0	0	183	644	273	43	0	6	99	105	62	69	727	686	1706	695	2333	690	1039	1766	455	2033	1326	2312	1634	1212	832	1230	15656	17337	7809	63663	288417	0
FFQ	235	0	0	0	0	0	0	0	0	165	693	307	38	0	13	81	121	55	64	763	605	1861	816	2514	924	1208	1910	535	2101	1613	2659	1920	1622	1045	1590	16476	16315	9963	65902	278305	0
FFQ	236	0	0	0	0	0	0	0	24	186	746	366	62	9	20	114	204	140	199	890	854	1837	937	2391	1348	1583	2621	988	2843	1293	3794	3434	2250	2129	4027	16941	16308	11403	78986	250364	0
FFQ	237	0	0	0	0	0	0	0	0	213	811	414	72	0	17	130	145	58	98	687	641	2448	1136	2859	399	1318	2300	371	2105	2192	2772	2505	1478	1166	1647	17282	15229	11855	69987	264050	0
FFQ	238	0	0	0	0	0	0	0	0	219	701	394	52	0	23	107	113	45	71	744	727	2529	1186	2548	265	1246	2275	385	1757	2285	3215	2957	2077	1529	2924	14621	13312	12847	107266	225100	0
FFQ	239	0	0	0	0	0	0	0	41	279	622	121	24	9	36	77	146	133	160	1234	1255	1718	930	2971	490	1387	2578	643	2836	1158	4436	2627	2019	1765	3422	13819	20464	4545	89773	238888	0
FFQ	240	0	0	0	0	0	0	0	0	166	877	457	66	0	10	121	141	82	120	741	661	2356	963	2769	836	1326	2297	537	2341	1613	2626	2366	1285	956	1409	18963	15711	12053	65052	258852	0
FFQ	241	0	0	0	0	0	0	0	74	339	679	171	48	27	46	80	253	228	291	1139	1395	1976	1257	2914	622	1814	3138	907	3536	1561	5645	4604	2758	3014	6224	13237	17848	7965	104757	206331	0
FFQ	242	0	0	0	0	0	0	0	0	224	778	247	31	0	13	109	105	59	85	939	918	2123	873	3135	354	1346	2187	323	2416	1460	3059	1773	1395	812	1610	17390	19687	7029	70513	251074	0
FFQ	243	0	0	0	0	0	0	0	0	252	826	249	19	0	14	98	123	55	61	951	901	2022	838	2914	216	1174	2174	297	2231	1484	3063	1855	1406	791	1738	16006	18808	7029	70537	251156	0
FFQ	244	0	0	0	0	0	0	0	0	416	576	98	3	0	42	76	100	50	29	1173	1298	1779	914	2376	391	930	2254	563	1704	1560	5329	3144	3885	1921	5419	8994	15728	7989	179345	138441	0
FFQ	245	0	0	0	0	0	0	0	0	313	694	100	0	0	25	68	102	52	40	1158	1137	1684	744	2768	269	958	1900	370	2198	1038	3819	1660	2049	970	2710	12780	19859	3837	101107	219450	0
FFQ	246	0	0	0	0	0	0	0	0	343	760	158	8	0	24	77	110	47	58	1129	1034	1923	784	2836	243	1040	2142	359	2186	1381	3545	1970	1847	1002	2571	13728	18606	5457	96496	219267	0
FFQ	247	0	0	0	0	0	0	0	0	379	669	151	6	0	46	80	109	54	36	1134	1295	1969	985	2636	324	936	2142	454	1785	1528	4693	2797	3160	1445	4238	10773	16887	7201	136307	174172	0
FFQ	248	0	0	0	0	0	0	0	17	343	635	121	7	2	38	88	162	76	115	1142	1224	1830	991	2560	342	1085	2405	546	2010	1521	4957	3065	3104	1799	5037	10778	16626	7156	143042	162823	0
FFQ	249	0	0	0	0	0	0	0	24	273	693	178	16	2	28	78	225	147	168	1117	1128	1857	960	2882	304	1367	2521	515	2767	1365	4258	3233	1974	1768	4257	13936	18361	6151	97735	202618	0
FFQ	250	0	0	0	0	0	0	0	0	367	724	109	6	0	24	107	125	74	66	1285	1269	1805	785	2971	459	1153	2388	448	2450	1207	4318	2040	2494	978	3047	13947	20084	4905	107487	193025	0
FFQ	251	0	0	0	0	0	0	0	70	442	664	58	13	10	51	88	260	190	268	1344	1526	1764	1227	2635	454	1370	3017	742	2918	1395	6369	4657	3607	2801	7436	9381	16337	6529	154375	135468	0
FFQ	252	0	0	0	0	0	0	0	28	499	556	68	9	3	42	81	170	87	136	1198	1487	1811	1118	2305	449	1141	2648	648	2001	1645	6402	4332	4689	2292	7645	7100	14115	8077	184923	107068	0
FFQ	253	0	0	0	0	0	0	0	19	427	588	70	2	2	39	59	138	72	110	1239	1428	1872	1103	2553	390	1062	2487	593	1999	1596	5710	3818	4031	1808	6339	8825	15345	7599	169630	120922	0
FFQ	254	0	0	0	0	0	0	0	33	471	676	90	6	4	48	97	205	127	176	1378	1583	1884	1189	2591	402	1259	2854	614	2276	1604	5905	4310	3773	2103	6679	9443	15718	7351	154922	129185	0
FFQ	255	0	0	0	0	0	0	0	52	439	778	141	14	9	35	101	274	223	283	1391	1533	2059	1246	3092	380	1646	3134	728	3189	1495	5902	4638	2913	2552	7216	11877	17200	6815	135778	139044	0
FFQ	256	0	0	0	0	0	0	0	62	524	550	61	10	19	67	93	327	237	404	1392	1794	1935	1694	2388	598	1685	3568	998	2959	1800	8153	6972	5146	3847	11256	5798	12488	9201	200180	67145	0
FFQ	257	0	0	0	0	0	0	0	30	461	594	52	5	4	43	84	271	178	240	1257	1476	1884	1250	2727	447	1531	3016	740	2745	1576	7020	5217	4164	2784	8667	8935	15883	6965	169562	100543	0
FFQ	258	0	0	0	0	0	0	0	125	531	480	78	26	16	71	67	437	260	430	1314	1783	1927	1738	2119	643	1771	3768	1035	2934	1957	8279	7692	5233	4284	12377	5150	11201	9973	205702	53670	0
FFQ	259	0	0	0	0	0	0	0	78	465	746	309	51	22	55	123	541	312	583	1384	1605	2110	1618	2685	1299	2278	4285	1429	4295	1419	7502	7328	4131	4254	10588	11957	13326	10499	157745	88786	0
FFQ	260	0	0	0	0	0	0	0	196	608	492	40	62	63	117	102	601	503	785	1621	2642	2104	2454	2697	1140	2720	5448	1497	4963	1892	9986	9936	5402	5793	13780	5434	12095	8824	184200	52472	0
FFQ	261	0	0	0	0	0	0	0	84	516	539	41	21	16	66	73	441	282	443	1303	1715	1965	1722	2594	707	2011	3808	1144	3524	1812	8784	7777	5520	4220	12769	5949	12694	8688	186555	59844	0
FFQ	262	0	0	0	0	0	0	0	42	575	495	53	6	8	73	83	320	192	299	1362	1875	2067	1670	2190	583	1468	3459	983	2436	2058	8371	7419	6073	3284	11665	4108	11180	9872	208086	41996	0
FFQ	263	0	0	0	0	0	0	0	80	549	556	46	8	11	75	90	423	262	406	1390	1980	2065	1683	2370	559	1724	3582	945	3068	1886	8311	7554	5395	3625	11710	5377	11808	8824	193152	51776	0
FFQ	264	0	0	0	0	0	0	0	129	565	461	35	23	26	67	91	584	376	532	1450	2031	1946	1845	2303	619	2048	4126	1117	3545	1851	9060	9168	5237	4879	14220	4460	10755	8558	197762	38407	0
FFQ	265	0	0	0	0	0	0	0	135	539	491	82	26	25	73	71	581	391	639	1379	1934	1941	1965	2381	663	2192	4474	1305	3899	1949	9442	9441	5176	5164	14749	4962	10663	8864	185873	43733	0
FFQ	266	0	0	0	0	0	0	0	151	663	535	97	29	21	88	77	657	389	654	1413	2033	2080	2085	2472	705	2196	4474	1214	3739	1972	9437	9440	5338	5014	14314	5114	10437	9330	190420	35416	0
FFQ	267	0	0	0	0	0	0	0	196	596	544	57	39	29	81	84	680	496	778	1571	2163	1956	2059	2746	672	2597	4743	1257	4487	1654	9662	9515	4792	5459	14641	5987	11874	7551	172863	46839	0
FFQ	268	0	0	0	0	0	0	0	191	624	427	50	43	64	102	95	661	516	783	1523	2462	2255	2485	2413	1011	2590	5233	1491	4434	2056	10666	10943	6368	5785	16140	2751	9143	9313	195597	17321	0
FFQ	269	0	0	0	0	0	0	0	130	632	413	37	23	17	100	68	610	389	589	1276	2073	2134	2170	2242	719	2220	4346	1225	3474	2166	10200	9947	6556	4899	15150	2419	9095	9677	199731	17711	0
FFQ	270	0	0	0	0	0	0	0	128	604	428	41	20	14	95	71	499	324	535	1363	2185	2182	2152	2058	689	1947	4402	1236	2982	2343	10186	9984	6828	4768	15439	1529	7987	9984	208929	7237	0
FFQ	271	0	0	0	0	0	0	0	227	570	327	35	37	40	77	55	827	528	866	1316	2051	1650	2165	2213	698	2753	4923	1400	4710	1634	10416	11335	4988	6554	17575	3015	9080	7871	185780	20266	0
FFQ	272	0	0	0	0	0	0	0	150	628	435	38	29	29	79	71	726	463	762	1417	2257	2021	2251	2223	711	2454	4710	1351	4125	2040	10256	10939	5786	5617	16523	2853	8904	8398	185768	18739	0
FFQ	273	0	0	0	0	0	0	0	174	641	333	28	42	33	65	57	888	556	900	1358	2343	2031	2386	2070	857	2744	5201	1496	4559	1971	11260	12347	5998	6639	18391	1138	7280	8798	193272	3492	0
FFQ	274	0	0	0	0	0	0	0	297	514	424	65	50	45	49	70	1138	726	1314	1299	1980	1639	2455	2733	737	4006	6065	1636	6750	1337	10977	13000	3281	8519	19713	6456	10405	6249	147529	34434	0
FFQ	275	0	0	0	0	0	0	0	249	570	392	27	51	46	58	60	1071	799	1226	1465	2318	1764	2617	2613	954	3679	6217	1796	6731	1435	11874	13903	4498	8607	20354	3963	9410	6719	159416	17450	0
FFQ	276	0	0	0	0	0	0	0	220	572	291	26	51	43	76	62	1006	758	1138	1443	2455	1837	2733	2372	1006	3441	6210	1718	6329	1782	12094	13773	5284	8314	20340	2118	7868	7507	166296	9703	0
FFQ	277	0	0	0	0	0	0	0	319	545	174	16	53	39	72	52	1235	876	1388	1238	2318	1471	2702	1909	869	3667	6278	1863	6580	1447	12385	15231	4727	9433	22737	749	6436	7303	171323	0	0
FFQ	278	0	0	0	0	0	0	0	218	514	213	13	39	26	80	50	990	699	1067	1234	2160	1572	2485	1899	731	3038	5334	1615	5205	1667	11436	13030	5250	7735	20347	667	6369	7725	178750	0	0
FFQ	279	0	0	0	0	0	0	0	188	608	267	20	34	30	76	55	861	576	943	1347	2178	1894	2434	1887	768	2836	5232	1482	4550	1882	10920	12332	5766	6826	18739	605	6483	8167	178628	6	0
FFQ	280	0	0	0	0	0	0	0	237	554	320	105	52	43	55	58	1177	716	1295	1211	2063	1703	2514	2166	1074	3633	6110	1743	6370	1651	11095	13934	4134	8563	20500	3650	6615	7840	154051	9904	0
FFQ	281	0	0	0	0	0	0	0	288	577	282	72	102	123	180	56	1285	935	1657	1422	3224	1701	3475	2461	1637	4390	7315	2136	7872	1356	11813	14691	3659	9868	20914	3798	7296	6134	141302	9420	0
FFQ	282	0	0	0	0	0	0	0	309	507	185	14	56	54	99	54	1395	951	1617	1249	2431	1415	2916	2440	1312	4460	6853	2063	7573	1589	12936	15987	4542	10368	23041	793	6052	6043	148469	1	0
FFQ	283	0	0	0	0	0	0	0	216	487	334	23	48	44	65	56	1197	772	1334	1231	2253	1627	2603	2505	853	4021	6190	1739	6634	1456	11674	13746	4064	8642	20029	3339	8181	5864	142862	10257	0
FFQ	284	0	0	0	0	0	0	0	258	465	220	10	54	48	53	31	1309	948	1568	1221	2276	1341	2856	2144	918	4322	7014	1894	7937	1053	12529	15954	3247	10888	23106	2251	7305	5044	135611	6746	0
FFQ	285	0	0	0	0	0	0	0	317	464	239	127	71	60	60	67	1636	1045	1852	1148	2193	1151	3004	2194	1243	4669	7692	2396	9309	971	12364	16424	2537	11834	23732	4078	6234	5687	126019	6168	0
FFQ	286	0	0	0	0	0	0	0	300	504	157	8	68	77	80	34	1387	1035	1745	1312	2664	1258	3228	2146	1138	4524	7532	2117	8650	1104	12755	16321	3498	11208	23067	749	5675	5224	133620	4	0
FFQ	287	0	0	0	0	0	0	0	209	474	373	152	44	39	70	105	1156	669	1319	1205	2151	1829	2754	2327	1488	3839	6590	2045	7146	1592	11470	13697	4759	8616	18814	3815	6389	7207	131946	4973	0
FFQ	288	0	0	0	0	0	0	0	367	547	63	10	110	125	129	31	1697	1234	2161	1387	3371	1216	4202	2314	1557	5315	8802	2313	10489	723	13451	17617	2197	12887	24701	810	5017	3527	116668	0	0
FFQ	289	0	0	0	0	0	0	0	318	398	73	6	52	66	48	14	1663	1104	1972	944	2158	932	3128	2084	1139	5061	7543	2257	9154	812	12979	17406	2664	12579	24922	691	5211	3592	120207	0	0
FFQ	290	0	0	0	0	0	0	0	300	367	46	2	42	52	31	5	1788	1157	2037	850	1975	599	3092	1789	915	5092	7537	2230	9728	350	12656	17747	1433	13764	25993	721	5065	2829	117105	0	0
FFQ	291	0	0	0	0	0	0	0	327	399	29	2	52	63	34	10	1853	1162	2133	820	1975	551	2834	1739	832	4941	7206	2141	9368	276	12414	17351	1227	13418	26145	638	4823	2540	116101	0	0
FFQ	292	0	0	0	0	0	0	0	326	399	69	3	48	54	49	20	1652	1011	1780	874	1967	742	2905	1778	816	4459	6980	1832	8275	601	11731	15747	2035	11827	23626	599	4804	3284	119554	1	0
FFQ	293	0	0	0	0	0	0	0	241	417	151	4	48	36	39	30	1459	924	1641	901	1949	934	2673	1933	695	4157	6476	1804	7834	753	11595	15119	2243	10876	22294	1255	5350	3333	115565	3489	0
FFQ	294	0	0	0	0	0	0	0	380	418	50	1	61	69	49	15	1872	1095	2032	886	2133	582	2886	1730	907	4787	7332	2008	9261	373	11972	16898	1346	12545	24430	584	4478	2366	108892	0	0
FFQ	295	0	0	0	0	0	0	0	210	395	171	15	31	37	55	36	1279	778	1381	978	2001	1357	2656	2239	893	3943	6115	1650	6832	1188	11282	13692	3481	9116	20238	1314	5670	4100	113010	2464	0
FFQ	296	0	0	0	0	0	0	0	358	435	62	4	57	61	45	20	1809	1190	2058	1032	2121	756	3056	1819	912	4880	7356	1988	9261	486	12037	16465	1584	12425	23381	556	4573	2651	100846	0	0
FFQ	297	0	0	0	0	0	0	0	328	369	26	1	64	65	48	5	1824	1195	2203	918	2097	522	3099	1836	856	4864	7458	2127	9519	276	11889	16878	1001	13086	24202	551	4394	2100	96516	0	0
FFQ	298	0	0	0	0	0	0	0	321	363	41	0	52	68	47	12	1628	1104	1921	824	1965	601	2928	1699	832	4655	7135	1961	8894	331	11622	16341	1199	12371	23514	485	4391	2168	96922	7	0
FFQ	299	0	0	0	0	0	0	0	193	285	134	3	40	43	35	18	1238	868	1591	735	1560	878	2646	2528	727	4707	6874	1604	8191	353	10464	13489	1019	10181	19158	4518	7381	1731	84805	10741	0
FFQ	300	0	0	0	0	0	0	0	20	104	24	0	8	13	16	5	243	195	406	225	506	833	2934	1759	1137	4637	7125	1859	8607	523	11388	15096	1670	11233	20754	449	4091	2253	83842	0	0
FFQ	301	0	0	0	0	0	0	0	0	0	0	0	0	0	0	0	0	0	0	0	0	2631	5363	2436	1467	3970	5526	1166	5079	482	4598	5106	765	3155	4368	217	831	552	11195	0	0
# Last Fragment Qualities. Use `grep ^LFQ | cut -f 2-` to extract this part.
# Columns correspond to qualities and rows to cycles. First column is the cycle number.
LFQ	1	0	0	0	0	0	0	0	0	0	0	0	0	4425	0	0	0	0	0	0	0	0	2097	0	3139	2894	0	0	7129	0	0	210	13264	4618	7863	930284	0	0	0	0	0
LFQ	2	0	0	15	0	0	0	0	0	0	0	0	0	3371	0	0	0	0	0	0	0	0	1713	0	1544	3507	0	0	6453	0	0	497	12081	7242	8385	931115	0	0	0	0	0
LFQ	3	0	0	0	0	0	0	0	0	0	0	0	201	2496	0	0	0	0	0	0	0	0	1269	0	1196	3180	0	0	5790	0	0	571	11101	5146	6500	938473	0	0	0	0	0
LFQ	4	0	0	0	0	0	0	0	0	0	0	0	1	2565	0	0	0	0	0	0	0	0	1044	0	625	3791	0	0	5745	0	0	656	10307	3795	5778	941616	0	0	0	0	0
LFQ	5	0	0	92	0	0	0	0	0	0	0	0	161	2425	0	0	0	0	0	0	0	0	978	0	742	3584	0	0	5603	0	0	720	9807	3318	5292	941093	63	29	309	1707	0
LFQ	6	0	0	0	0	0	0	0	0	0	0	683	752	1871	0	0	0	0	0	0	0	0	1106	1644	517	2575	1337	1208	4282	158	332	254	7992	2519	1261	19108	9657	21975	57665	839027	0
LFQ	7	0	0	0	0	0	0	0	0	0	0	1136	1922	2768	0	0	0	0	0	0	0	0	1471	2353	1186	3244	1546	1479	5443	101	357	363	9592	3155	1586	22943	10953	25582	67833	810910	0
LFQ	8	0	0	0	0	0	0	0	0	0	0	753	971	2330	0	0	0	0	0	0	0	0	1505	1799	552	2892	1472	1402	4941	100	334	299	9479	2794	1677	22503	10201	24823	71501	813595	0
LFQ	9	0	0	0	0	0	0	0	0	0	0	548	2240	97	0	0	0	0	0	0	0	0	1233	1358	1252	1602	1186	1056	4274	67	243	233	8367	2651	1361	19835	8851	22729	65756	830984	0
LFQ	10	0	0	0	0	0	0	0	0	0	0	326	1384	305	0	0	0	0	0	0	0	0	928	994	865	1431	922	865	3592	37	149	207	6868	2232	1071	16613	7751	20388	60061	848934	0
LFQ	11	0	0	0	0	0	0	0	0	0	0	444	1936	189	0	0	0	0	0	0	0	0	928	1218	1219	1552	980	813	3934	22	202	220	6875	2400	1011	16915	8524	20242	55983	850316	0
LFQ	12	0	0	0	0	0	0	0	0	0	0	605	1650	1200	0	0	0	0	0	0	0	0	1026	1490	970	2397	1218	999	4612	34	287	314	7830	2778	1094	18894	9461	21702	59006	838356	0
LFQ	13	0	0	2	0	0	0	0	0	0	0	719	2320	0	0	0	0	0	0	0	0	0	1182	1552	1374	1607	1203	1000	3954	51	246	260	7787	2487	1199	18488	9008	21410	59224	840850	0
LFQ	14	0	0	0	0	0	0	0	0	0	0	861	2991	0	0	0	0	0	0	0	0	0	1383	1779	1594	1962	1568	1121	4610	66	332	285	9417	2850	1668	20819	9937	23102	62963	826615	0
LFQ	15	0	0	5	0	0	0	0	0	0	0	632	2593	0	0	0	0	0	0	0	0	0	1218	1672	1363	1554	1391	1286	4229	37	284	248	8753	2488	1608	20141	9561	23097	62401	831362	0
LFQ	16	0	0	0	0	0	0	0	0	0	0	979	3620	0	0	0	0	0	0	0	0	0	1495	2214	1820	2125	1738	1252	5219	61	392	327	9905	3168	1434	22346	10863	24739	65008	817218	0
LFQ	17	0	0	0	0	0	0	0	0	0	0	917	3119	0	0	0	0	0	0	1	0	1	1473	1830	1629	1864	1695	1217	4707	61	278	270	10022	2876	1770	22047	9952	24709	67820	817665	0
LFQ	18	0	0	0	0	0	0	0	0	0	0	672	2971	0	0	0	0	0	0	0	1	0	1348	1757	1674	1908	1388	1407	4723	47	300	264	9273	2856	1629	21733	9885	24242	66026	821819	0
LFQ	19	0	0	0	0	0	0	0	0	0	0	617	2940	0	0	0	0	0	0	0	0	0	1342	1573	1576	1794	1307	1252	4755	31	261	278	8820	2816	1292	20854	9809	23865	66401	824340	0
LFQ	20	0	0	0	0	0	0	0	0	0	0	841	3620	0	0	0	0	0	0	0	1	0	1406	1897	1838	2137	1520	1303	5353	34	304	297	9266	3196	1429	21931	10339	24578	66238	818395	0
LFQ	21	0	0	0	0	0	0	0	0	0	0	500	2109	0	0	0	0	0	0	0	0	0	1089	1360	1237	1431	1177	1029	4026	25	256	240	7925	2512	1299	19615	9017	22573	65876	832627	0
LFQ	22	0	0	4	0	0	0	0	0	0	0	715	2867	0	0	0	0	0	0	0	0	0	1152	1697	1505	2081	1329	1078	4812	23	296	258	8414	2841	1289	20153	10381	23067	63946	828015	0
LFQ	23	0	0	0	0	0	0	0	0	0	0	867	3281	0	0	0	0	0	0	0	0	0	1258	1807	1668	1887	1437	1183	4852	34	311	294	8773	2840	1445	21207	10171	23535	63535	825538	0
LFQ	24	0	0	16	0	0	0	0	0	0	0	668	2982	0	0	0	0	0	0	0	0	0	1262	1698	1802	1803	1315	1188	4782	26	272	316	8895	2747	1330	21300	10106	23605	66022	823788	0
LFQ	25	0	0	0	0	0	0	0	0	0	0	626	2827	0	0	0	0	0	0	0	0	1	1200	1747	1651	1914	1426	1161	4857	30	316	284	8544	2868	1287	20899	9954	23567	65303	825461	0
LFQ	26	0	0	0	0	0	0	0	0	0	0	581	2590	0	0	0	0	0	0	0	0	1	1180	1649	1614	1727	1323	1084	4502	17	277	291	8355	2716	1342	19886	9552	22948	64417	829871	0
LFQ	27	0	0	0	0	0	0	0	0	0	0	740	3048	0	0	0	0	0	0	0	0	0	1283	1732	1745	2067	1406	1193	4903	17	324	282	8791	3039	1358	21233	10285	23888	65215	823374	0
LFQ	28	0	0	0	0	0	0	0	0	0	0	777	3414	0	0	0	0	0	0	0	0	0	1389	1929	1926	2110	1532	1255	5228	21	364	383	9183	3103	1394	22005	10857	24623	66385	818045	0
LFQ	29	0	0	0	0	0	0	0	0	0	0	636	3252	0	0	0	0	0	0	0	0	0	1334	1675	1579	1891	1351	1087	4742	11	304	263	8900	2815	1337	21189	9988	23584	67273	822712	0
LFQ	30	0	0	0	0	0	0	0	0	0	0	638	2898	0	0	0	0	1	0	0	1	0	1315	1674	1625	1911	1372	1157	4842	5	306	304	8559	2834	1299	21357	10252	23934	67649	821990	0
LFQ	31	0	0	0	0	0	0	0	0	0	0	651	2968	0	0	0	0	0	0	1	0	0	1253	1756	1611	1973	1404	1145	4795	11	299	297	8452	2894	1309	21339	10203	23804	67337	822421	0
LFQ	32	0	0	30	0	0	0	0	0	0	0	780	3308	0	0	0	0	0	0	0	1	1	1374	1852	1728	2194	1474	1100	4986	11	320	305	8849	3089	1380	21938	10428	24185	68519	818071	0
LFQ	33	0	0	0	0	0	0	0	0	0	0	742	3331	0	0	0	0	0	0	0	2	3	1304	1813	1647	2197	1459	1096	5013	10	328	322	8858	3022	1367	21246	10215	23800	67731	820417	0
LFQ	34	0	0	0	0	0	0	0	0	0	0	489	2105	0	0	0	0	0	0	0	0	1	986	1281	1280	1476	1295	832	3830	6	246	239	7622	2510	1197	19189	8943	22493	67485	832418	0
LFQ	35	0	0	0	0	0	0	0	0	0	0	672	3306	0	0	0	0	0	0	0	2	1	1192	1787	1579	2169	1390	874	4711	13	307	320	8074	2942	1208	20270	10279	22700	64255	827872	0
LFQ	36	0	0	0	0	0	0	0	0	0	0	670	3168	0	0	0	0	0	0	0	0	2	1321	1705	1528	2072	1678	849	4485	7	314	388	8113	2672	1187	19985	10001	22615	64438	828725	0
LFQ	37	0	0	0	0	0	0	0	0	0	0	628	2989	0	0	0	0	0	0	0	0	2	1235	1743	1887	1837	1692	674	4553	10	300	343	8029	2654	1257	20117	10146	22712	64989	826937	0
LFQ	38	0	0	0	0	0	0	0	0	0	0	662	2747	0	0	0	0	0	0	0	2	2	1208	1683	1641	1866	1468	838	4533	10	325	323	7974	2792	1236	20047	10187	22924	63839	827126	0
LFQ	39	0	0	0	0	0	0	0	0	0	0	714	2977	0	0	0	0	0	0	0	2	2	1171	1685	1521	2081	1611	779	4593	24	340	373	8113	2783	1166	19817	9971	22550	64644	825242	0
LFQ	40	0	0	0	0	0	0	0	0	0	2	727	3191	0	0	0	0	0	0	0	1	3	1220	1793	1593	2063	1676	728	4565	24	352	346	8179	2988	1282	20618	10206	23305	65936	820069	0
LFQ	41	0	0	0	0	0	0	0	0	0	0	667	2880	0	0	0	0	0	0	1	3	1	1218	1609	1486	1997	1807	509	4498	24	374	315	7973	2815	1185	20287	10138	22626	66191	820926	0
LFQ	42	0	0	27	0	0	0	0	0	0	0	585	2749	0	0	0	0	0	0	0	1	3	1220	1722	1513	1868	1768	482	4348	26	303	322	7944	2803	1270	20127	10131	22902	65575	820529	0
LFQ	43	0	0	0	0	0	0	0	0	0	0	860	3703	0	0	0	0	0	0	0	3	1	1392	2119	1831	2549	2148	548	5123	42	400	406	8871	3360	1306	22199	11356	24125	67897	806443	0
LFQ	44	0	0	0	0	0	0	0	0	0	0	632	2815	0	0	0	0	0	1	1	2	1	1245	1664	1424	1959	1987	364	4404	31	317	313	8129	2640	1258	20585	9802	23251	68681	813723	0
LFQ	45	0	0	0	0	0	0	0	0	0	0	797	3512	0	0	0	0	0	0	1	4	3	1298	2056	1735	2273	2249	406	4901	26	397	359	8486	3010	1331	21584	11166	23992	69207	804839	0
LFQ	46	0	0	0	0	0	0	0	0	0	0	792	3664	0	0	0	0	0	0	1	8	4	1403	2042	1828	2508	2203	407	5241	44	415	410	9019	3300	1437	22767	11436	24808	72075	796165	0
LFQ	47	0	0	0	0	0	0	0	0	0	1	693	3274	0	0	0	0	0	0	2	8	4	1333	1834	1584	2263	2177	345	4801	59	385	376	8637	3028	1408	21734	10900	24850	71075	799441	0
LFQ	48	0	0	0	0	0	0	0	0	0	0	846	3651	0	0	0	0	0	0	1	4	2	1386	2087	1798	2658	2305	313	5235	76	443	429	8662	3339	1323	22760	11412	24959	70315	794442	0
LFQ	49	0	0	0	0	0	0	0	0	0	0	829	3841	0	0	0	0	0	0	2	4	4	1498	2144	1708	2532	2377	357	5465	73	386	382	9118	3362	1367	23137	11405	25474	72002	789270	0
LFQ	50	0	0	0	0	0	0	0	0	0	0	811	3650	0	0	0	0	0	0	0	11	3	1371	1992	1710	2481	2253	354	5102	105	400	391	8843	3201	1390	22712	11159	25152	71959	789823	0
LFQ	51	0	0	0	0	0	0	0	0	0	1	772	3192	0	0	0	0	1	0	0	10	4	1291	1875	1565	2140	2080	326	4735	100	362	389	8329	2947	1393	21744	10793	24840	71259	792943	0
LFQ	52	0	0	0	0	0	0	0	0	0	0	639	2713	0	0	0	0	0	0	1	4	3	1116	1839	1523	2025	1945	230	4299	105	373	361	8096	2820	1261	20643	10449	23670	69425	797756	0
LFQ	53	0	0	0	0	0	0	0	0	0	0	563	2400	0	0	0	0	0	0	0	7	5	1007	1725	1467	1803	1875	147	4026	131	360	350	7370	2527	1269	19389	10146	22202	66258	804559	0
LFQ	54	0	0	0	0	0	0	0	0	0	0	698	3020	0	0	0	0	0	0	0	12	6	1094	2059	1639	2043	2403	170	4117	140	414	414	8060	2815	1625	20702	10676	23399	66890	795479	0
LFQ	55	0	0	0	0	0	0	0	0	0	0	637	2676	0	0	0	0	0	0	0	9	5	1027	2014	1408	1938	2026	179	4092	164	431	397	7870	2728	1497	20234	10521	23222	66611	796452	0
LFQ	56	0	0	0	0	0	0	0	0	0	0	598	2102	0	0	0	0	0	0	1	12	6	984	1722	1194	1759	2013	140	3570	171	379	401	7083	2503	1220	18605	10066	21958	63091	804768	0
LFQ	57	0	0	0	0	0	0	0	0	0	0	632	2789	0	0	0	0	1	0	1	14	6	1054	2032	1487	1892	2140	140	3917	192	420	441	7717	2615	1620	19871	10181	22557	63694	796999	0
LFQ	58	0	0	0	0	0	0	0	0	0	0	617	2990	0	0	0	0	0	0	2	19	9	1098	1858	1348	2238	1906	222	4302	236	475	477	7430	2699	1159	20054	10538	22753	64706	793437	0
LFQ	59	0	0	0	0	0	0	0	0	0	1	719	2504	0	0	0	0	0	0	0	26	14	1031	1991	1389	1966	2166	139	3928	270	480	452	7680	2684	1269	20173	10393	22515	65220	791601	0
LFQ	60	0	0	0	0	0	0	0	0	0	0	812	2114	0	0	0	0	0	0	2	23	16	936	2061	1196	1769	2159	106	3698	248	496	432	7078	2377	1201	19179	10371	22148	63750	794424	0
LFQ	61	0	0	0	0	0	0	0	0	0	1	609	2508	0	0	0	0	0	0	3	28	18	919	1987	1329	1928	2149	106	3979	328	456	502	7051	2571	1376	19573	10504	22453	63566	790717	0
LFQ	62	0	0	0	0	0	0	0	0	0	1	653	2224	0	0	0	0	1	0	0	29	11	896	1904	1261	1850	1973	66	3773	345	447	485	6810	2496	1254	18795	10150	22462	64406	790466	0
LFQ	63	0	0	0	0	0	0	0	0	0	1	1269	2224	0	0	0	0	0	0	0	25	15	1125	2219	1415	1875	2397	72	3620	379	445	552	7764	2516	1374	19270	10109	22057	63491	786493	0
LFQ	64	0	0	0	0	0	0	0	0	0	0	561	2270	0	0	1	0	0	0	2	38	23	941	2025	1336	1800	2182	70	3442	424	469	511	6850	2409	1812	18901	9918	21874	63257	787549	0
LFQ	65	0	0	0	0	0	0	0	0	0	0	573	2807	0	0	0	0	0	0	3	42	23	848	1786	1792	1864	1874	51	4000	440	489	676	6296	2707	1136	19060	10375	21586	63585	784526	0
LFQ	66	0	0	0	0	0	0	0	0	0	3	623	2651	0	0	0	0	0	0	4	54	13	973	1960	1491	2186	1970	43	4199	540	507	637	6448	2803	1213	19496	10722	22087	64325	779473	0
LFQ	67	0	0	58	0	0	0	0	0	0	1	679	2837	0	0	0	0	0	1	4	49	29	931	2065	1356	2345	1952	41	4244	613	568	740	6450	2941	1173	20086	10973	22672	65616	773865	0
LFQ	68	0	0	0	0	0	0	0	0	0	2	695	3121	0	0	0	0	0	0	2	71	29	1002	2111	1368	2617	2120	45	4490	669	618	764	6647	3084	1246	20581	11242	23390	67508	766762	0
LFQ	69	0	0	0	0	0	0	0	0	0	1	613	2627	0	0	0	0	0	0	6	62	42	920	1830	1222	2225	1861	42	4030	652	580	744	6034	2841	1211	19799	10513	22394	67044	770743	0
LFQ	70	0	0	0	0	0	0	0	0	0	1	572	2437	0	0	0	0	0	0	3	65	36	850	1883	1174	2203	1846	35	3907	742	572	796	5752	2793	1189	19133	10414	22291	65587	771655	0
LFQ	71	0	0	45	0	0	0	0	0	0	1	478	2215	0	0	0	0	0	1	1	61	29	731	1763	1108	1971	1829	26	3805	737	580	776	5324	2608	1121	18557	10147	21947	65236	772719	0
LFQ	72	0	0	0	0	0	0	0	0	0	2	638	2497	0	0	0	0	0	0	3	86	51	758	1960	1401	2287	1924	25	4199	833	670	904	5757	2875	1258	19665	10897	22671	65060	765179	0
LFQ	73	0	0	0	0	0	0	0	0	0	1	600	2492	0	0	0	0	1	0	4	84	47	712	1909	1256	2020	1850	30	3866	862	644	880	5399	2635	1201	19345	10580	22137	65421	765402	0
LFQ	74	0	0	1	0	0	0	0	0	0	1	564	2181	0	0	0	0	0	0	6	92	48	660	1881	1249	2101	1866	19	3930	957	658	1017	5374	2570	1373	18320	10425	21873	65677	764306	0
LFQ	75	0	0	1	0	0	0	0	0	0	2	681	2218	0	0	0	0	1	0	1	109	55	645	2103	1278	1949	2043	10	3674	1026	665	1040	5387	2738	1302	18937	10704	22248	63575	762432	0
LFQ	76	0	0	0	0	0	0	0	0	0	5	611	2003	0	0	0	0	1	0	8	97	70	615	1972	1176	1772	1876	20	3471	1029	685	977	5108	2539	1323	17957	10470	21778	63485	763449	0
LFQ	77	0	0	0	0	0	0	0	0	0	4	1062	3047	0	0	0	1	0	1	5	144	77	755	2676	1612	2432	2569	11	4392	1409	977	1279	5859	3100	1547	21038	12014	24109	66759	743175	0
LFQ	78	0	0	0	0	0	0	0	0	0	2	980	2401	0	0	0	0	0	0	6	155	101	781	2290	1287	2011	2362	9	3849	1485	949	1233	5482	2901	2103	19185	10932	23503	70049	743577	0
LFQ	79	0	0	0	0	0	0	0	0	0	2	990	2784	0	0	0	0	0	0	7	214	100	699	2654	1486	2331	2530	17	4132	1701	1049	1367	5692	3041	1886	20629	11590	24096	70129	735718	0
LFQ	80	0	0	6	0	0	0	0	0	0	4	1889	3602	0	0	0	0	0	0	6	536	116	799	3113	2165	2543	2870	12	4645	2029	1383	1587	6504	3211	2051	21604	11798	24277	70275	723368	0
LFQ	81	0	0	0	0	0	0	0	0	0	5	1548	3336	0	0	1	0	1	1	16	620	165	716	2607	2422	2362	2547	10	4246	1832	1084	1607	5593	3030	2245	19859	11191	23623	70150	725056	0
LFQ	82	0	0	25	0	0	0	0	0	0	4	946	2775	0	0	0	0	0	0	10	400	219	577	2558	2318	2366	2568	6	4058	1672	1012	1629	5156	3079	2312	18800	11129	23083	68323	726628	0
LFQ	83	0	0	0	0	0	0	0	0	0	3	847	2538	0	0	0	0	0	0	11	281	190	516	2158	1581	2206	2283	6	3818	1605	918	1673	4719	3061	2326	18053	10834	22723	67127	727827	0
LFQ	84	0	0	5	0	0	0	0	0	0	4	859	2691	0	0	0	0	0	0	14	273	175	590	2325	1537	2251	2231	5	4090	1657	869	1709	4672	3192	2538	18372	11265	23017	67729	721778	0
LFQ	85	0	0	0	0	0	0	0	0	0	2	916	2671	0	0	1	0	0	0	6	265	207	520	2322	1554	2424	2138	4	4124	1757	945	1931	4813	3320	2624	18335	11433	23386	68866	716408	0
LFQ	86	0	0	0	0	0	0	0	0	0	6	1106	3266	0	0	0	0	0	0	18	313	236	576	2517	1731	2685	2476	7	4785	2011	1019	2042	4980	3590	2596	20171	12086	24764	70783	704308	0
LFQ	87	0	0	0	0	0	0	0	0	0	2	922	2833	0	0	0	0	1	1	14	347	233	543	2319	1513	2439	2253	7	4403	1952	1093	2250	4771	3526	3202	18611	11603	23977	72017	704485	0
LFQ	88	0	0	0	0	0	0	0	0	0	5	985	2793	0	0	0	0	0	0	14	327	197	445	2428	1536	2472	2350	9	4460	1940	1057	2323	4839	3520	3201	18660	11764	24346	72172	700678	0
LFQ	89	0	0	0	0	0	0	0	0	0	4	967	2711	0	0	0	0	2	1	23	339	257	471	2308	1532	2386	2106	2	4300	1992	1011	2375	4709	3679	3373	17428	11644	23865	70985	701359	0
LFQ	90	0	0	0	0	0	0	0	0	0	11	1109	3096	0	0	0	0	1	0	24	381	268	484	2676	1776	2705	2496	4	4938	2163	1157	2594	4838	3832	3333	19777	12354	24894	72014	690159	0
LFQ	91	0	0	23	0	0	0	0	0	0	11	1102	3107	0	0	0	0	1	0	21	437	313	344	2604	1648	2666	2516	8	4550	2255	1175	2593	4882	3787	3796	18554	12009	25149	75373	685400	0
LFQ	92	0	0	0	0	0	0	0	0	0	10	1123	2896	0	0	0	1	0	0	27	451	350	292	2365	1640	2468	2374	2	4668	2307	1111	2637	4842	3835	4013	18460	12144	24840	75134	683564	0
LFQ	93	0	0	0	0	0	0	0	0	0	8	1042	2641	0	0	0	2	1	1	27	391	300	279	2325	1523	2412	2291	7	4306	2212	1077	2795	4644	3768	3810	17181	11813	24203	73326	686403	0
LFQ	94	0	0	0	0	0	0	0	0	0	11	1047	2697	0	0	0	1	0	0	29	441	338	231	2490	1547	2568	2328	5	4515	2254	1100	2825	4636	3821	3890	17527	12249	24402	72408	682504	0
LFQ	95	0	0	3	0	0	0	0	0	0	11	1207	2903	0	0	0	1	3	2	32	433	332	209	2601	1689	2556	2400	8	4620	2286	1185	2853	4556	3847	3919	17852	12418	24540	73225	677361	0
LFQ	96	0	0	0	0	0	0	0	0	0	12	1128	2802	0	0	0	0	3	0	37	455	362	196	2563	1652	2524	2380	4	4420	2279	1186	2872	4580	4002	3910	17387	12287	24490	72961	675730	0
LFQ	97	0	0	0	0	0	0	0	0	0	9	1149	2560	0	0	1	0	0	1	40	406	326	172	2439	1618	2448	2304	9	4340	2250	1191	2828	4441	4046	3773	17305	12343	24598	73146	673674	0
LFQ	98	0	0	0	0	0	0	0	0	0	11	926	2089	0	0	0	0	0	0	44	381	308	85	2155	1279	2153	2008	9	3835	1978	1052	2603	3944	3485	3418	15865	11412	22895	71470	681277	0
LFQ	99	0	0	9	0	0	0	0	0	0	8	843	1919	0	0	0	0	0	0	34	333	276	55	2016	1310	2048	1957	6	3540	1865	984	2374	3723	3376	3027	15514	11252	22038	67943	685450	0
LFQ	100	0	0	0	0	0	0	0	0	0	6	922	2052	0	0	0	0	1	0	44	393	280	56	2239	1380	2184	1969	10	3682	1940	1047	2386	3707	3398	3013	15982	11501	22014	67367	681493	0
LFQ	101	0	0	0	0	0	0	0	0	0	13	1246	2607	0	0	1	1	1	2	55	377	314	89	2657	1638	2386	2275	11	4216	2219	1193	2742	4069	3836	3376	17726	12096	23641	71636	665811	0
LFQ	102	0	0	0	0	0	0	0	0	0	15	1018	2036	0	0	0	0	1	1	51	380	304	73	2159	1359	2163	1963	9	3730	2080	1141	2588	3929	3999	2942	16146	11640	22824	73348	667630	0
LFQ	103	0	0	0	0	0	0	0	0	0	9	887	1660	0	0	0	0	2	0	41	283	297	43	2029	1230	1940	1809	7	3292	1837	1053	2299	3443	3443	2786	15469	11403	21940	69927	673626	0
LFQ	104	0	0	0	0	0	0	0	0	0	10	856	1865	0	0	0	0	0	0	52	310	286	40	2122	1397	2122	1914	4	3672	1868	1034	2335	3604	3543	2964	15984	11772	21675	66667	671722	0
LFQ	105	0	0	0	0	0	0	0	0	0	24	1225	2469	0	0	0	2	3	1	69	389	375	68	2551	1661	2492	2165	15	4173	2186	1169	2680	4084	3857	3295	17618	12753	23167	70150	656273	0
LFQ	106	0	0	0	0	0	0	0	0	0	16	909	1757	0	0	0	0	2	1	61	322	292	52	2044	1252	2025	1956	81	3318	1988	1112	2430	3789	3999	2407	15688	11498	22368	71813	660860	0
LFQ	107	0	0	0	0	0	0	0	0	0	22	1067	2100	0	0	0	1	4	0	74	338	331	50	2361	1487	2315	2062	12	3839	1976	1210	2587	3843	3911	2929	16649	12294	22801	70690	654176	0
LFQ	108	0	0	0	0	0	0	0	0	0	19	1191	2255	0	0	0	0	3	2	95	373	368	51	2543	1499	2350	2202	19	4238	2082	1293	2609	3899	4210	2681	17208	12659	23160	70522	648673	0
LFQ	109	0	0	0	0	0	0	0	0	0	26	1311	2504	0	0	0	1	3	1	106	384	399	58	2616	1696	2578	2407	25	4317	2251	1337	2797	4287	4408	2881	18278	13286	23417	72006	639774	0
LFQ	110	0	0	0	0	0	0	0	0	0	38	1226	2540	0	0	0	0	3	0	129	419	387	77	2715	1613	2666	2401	18	4328	2297	1382	2847	4398	4909	2583	18345	13457	23497	72490	635468	0
LFQ	111	0	0	0	0	0	0	0	0	0	42	1470	2610	0	0	0	0	5	1	136	417	452	87	2799	1728	2677	2422	22	4510	2417	1428	3008	4557	4682	2717	18528	13410	23736	73695	629635	0
LFQ	112	0	0	0	0	0	0	0	0	0	40	1302	2422	0	0	1	0	5	2	144	399	398	84	2696	1631	2584	2376	24	4329	2224	1450	2823	4456	4950	2582	18115	13427	23426	74385	627852	0
LFQ	113	0	0	0	0	0	0	0	0	0	45	1403	2471	0	0	3	1	5	1	163	402	392	94	2736	1683	2598	2394	30	4416	2321	1481	2788	4594	4718	2703	18571	13693	23619	75301	622367	0
LFQ	114	0	0	0	0	0	0	0	0	0	42	1060	1930	0	0	2	0	4	1	145	341	334	96	2283	1340	2189	2127	83	3790	2103	1433	2490	4260	4697	2141	17331	12660	22657	73791	628606	0
LFQ	115	0	0	0	0	0	0	0	0	0	37	1181	2112	0	0	0	0	3	0	136	302	305	76	2481	1409	2289	2125	104	3678	2126	1374	2393	4071	4470	2170	17244	12772	22405	72120	627609	0
LFQ	116	0	0	0	0	0	0	0	0	0	51	1303	2476	0	0	0	0	8	1	191	341	362	79	2711	1609	2715	2352	31	4373	2179	1511	2631	4560	4559	2663	18577	13892	23386	73307	616002	0
LFQ	117	0	0	0	0	0	0	0	0	0	62	1375	2411	0	0	2	0	3	0	191	338	351	101	2707	1589	2663	2305	35	4211	2212	1542	2724	4563	5006	2305	18670	13883	23011	74200	612292	0
LFQ	118	0	0	0	0	0	0	0	0	0	71	1180	2207	0	0	2	0	9	2	196	308	325	123	2688	1585	2470	2310	108	3972	2274	1565	2535	4546	4803	2231	18509	13633	22870	74761	610255	0
LFQ	119	0	0	0	0	0	0	0	0	0	88	1570	2778	0	0	0	0	5	0	261	339	317	117	2965	1651	2802	2441	128	4225	2303	1571	2511	4665	4947	2249	19107	14184	22904	73652	604542	0
LFQ	120	0	0	0	0	0	0	0	0	0	99	1429	2538	0	0	0	1	12	1	256	340	403	103	2919	1821	2730	2502	164	4198	2399	1807	2502	4989	4823	2674	19323	14519	23818	76275	596474	0
LFQ	121	0	0	0	0	0	0	0	0	0	81	1103	1961	0	0	0	1	11	3	226	277	278	141	2565	1444	2321	2345	197	3498	2234	1530	2149	4369	4620	2222	17951	13342	21997	76005	603180	0
LFQ	122	0	0	0	0	0	0	0	0	0	76	1076	1998	0	0	0	0	15	3	221	236	268	98	2541	1453	2268	2168	205	3447	2035	1708	2032	4287	4462	2182	17795	13579	22287	73695	602772	0
LFQ	123	0	0	0	0	0	0	0	0	0	116	1186	2097	0	0	2	0	9	2	237	256	258	102	2536	1591	2540	2378	331	3479	2164	1710	2039	4471	4245	2386	18189	13806	22812	72843	597930	0
LFQ	124	0	0	0	0	0	0	0	0	0	84	1066	1894	0	0	0	0	6	7	241	289	133	76	2499	1423	2251	2673	635	2317	2243	1674	1625	4203	4289	2109	17430	13273	21644	73180	599326	0
LFQ	125	0	0	0	0	0	0	0	0	0	110	976	1823	0	0	1	0	10	2	237	237	218	94	2514	1308	2253	2502	420	2856	2030	1592	1769	4173	4088	1992	17381	13394	20811	70875	599822	0
LFQ	126	0	0	0	0	0	0	0	0	0	107	1141	2068	0	0	1	0	9	5	261	235	200	78	2805	1511	2416	2624	509	2928	2120	1748	1747	4401	4252	2241	18205	14147	21613	71039	591830	0
LFQ	127	0	0	0	0	0	0	0	0	0	121	1127	2001	0	0	1	1	13	2	273	262	196	113	2799	1642	2476	2487	528	2827	2176	1867	1699	4620	4135	2387	18552	14183	23288	71459	585977	0
LFQ	128	0	0	0	0	0	0	0	0	0	136	1104	1857	0	0	0	1	16	3	295	207	163	82	2662	1395	2290	2752	656	2164	2124	1720	1561	4201	4062	2056	17947	13737	21064	71768	587962	0
LFQ	129	0	0	0	0	0	0	0	0	0	129	1161	1850	0	0	1	0	11	3	305	220	153	106	2656	1419	2274	2959	773	2226	2296	1837	1399	4447	3924	2268	18163	14005	20823	72300	583128	0
LFQ	130	0	0	0	0	0	0	0	0	0	182	1217	2305	0	0	2	0	13	8	355	223	180	114	3138	1824	2669	2814	663	2845	2286	2172	1613	5143	4205	2377	19886	14751	23515	73387	569692	0
LFQ	131	0	0	0	0	0	0	0	0	0	184	1170	2256	0	0	1	1	21	16	338	253	183	98	2980	2105	2518	2769	804	2625	2355	2281	1434	5199	4089	2576	19747	14849	24759	71386	567353	0
LFQ	132	0	0	0	0	0	0	0	0	0	206	1058	1945	0	0	3	0	19	13	336	247	140	172	2695	2070	2438	2626	973	1776	2301	2294	1243	5028	3596	2656	19520	14957	25683	69746	567499	0
LFQ	133	0	0	0	0	0	0	0	0	0	253	1323	2482	0	0	0	0	32	13	408	246	192	112	3312	1532	2722	3530	849	2980	2326	2212	1601	5052	4462	2461	20959	15081	21690	75460	556672	0
LFQ	134	0	0	0	0	0	0	0	0	0	195	1113	2051	0	0	0	1	25	22	389	264	87	235	2812	2085	2675	3161	1455	1134	2625	2504	1076	5110	3602	2699	20139	15294	25920	70353	557660	0
LFQ	135	0	0	0	0	0	0	0	0	0	229	1050	2142	0	0	2	0	22	20	413	244	113	119	3090	2088	2632	3101	1264	1655	2480	2503	1081	5321	3808	2673	20416	15344	25431	69941	554189	0
LFQ	136	0	0	0	0	0	0	0	0	0	321	1270	2445	0	0	1	0	18	26	480	246	142	136	3332	1865	2881	3575	1248	2016	2471	2446	1367	5473	4131	2662	21306	15515	23256	73357	546041	0
LFQ	137	0	0	0	0	0	0	0	0	0	226	880	1674	0	0	0	0	21	23	363	225	95	296	2502	2523	2366	2444	1485	479	2268	2799	902	5059	2875	3038	19478	15580	29063	64489	553631	0
LFQ	138	0	0	0	0	0	0	0	0	0	273	999	1924	0	0	0	0	22	27	390	195	105	152	2970	1713	2435	3458	1329	1128	2302	2297	924	4721	3551	2385	19461	14740	22071	69624	552260	0
LFQ	139	0	0	0	0	0	0	0	0	0	297	1038	2032	0	0	3	1	35	23	411	196	99	148	3183	2032	2635	3358	1287	1311	2227	2468	992	5270	3570	2524	20347	15337	24042	68020	545328	0
LFQ	140	0	0	0	0	0	0	0	0	0	318	984	2035	0	0	2	1	28	28	398	201	75	115	3174	2767	2631	2681	1521	726	2234	2641	787	5452	3013	2894	20480	15715	28335	63032	542630	0
LFQ	141	0	0	0	0	0	0	0	0	0	400	1139	2382	0	0	2	2	36	45	452	190	152	244	3398	2596	2965	3233	1450	1267	2287	2961	1106	5584	3372	2878	22030	16136	25826	67312	532024	0
LFQ	142	0	0	0	0	0	0	0	0	0	370	1003	2063	0	0	2	3	33	42	445	253	166	419	2980	3655	2998	2036	1568	502	2235	3265	850	5797	2776	3539	21744	17263	32136	60081	529817	0
LFQ	143	0	0	0	0	0	0	0	0	0	624	1467	3291	0	0	8	2	71	41	653	267	284	416	3647	3646	3447	3019	1627	2275	2705	3623	1380	6638	3436	4256	24293	17510	30921	71751	503198	0
LFQ	144	0	0	0	0	0	0	0	0	0	451	1024	2348	0	0	4	4	72	78	548	271	332	813	2868	3958	3085	2145	1824	856	2631	3775	1367	6400	2921	3983	24020	18143	36367	63764	507050	0
LFQ	145	0	0	0	0	0	0	0	0	0	431	952	2080	0	0	5	2	52	55	504	203	340	659	2808	3386	2894	2441	1592	1058	2485	3388	1294	5900	2965	3270	22846	17783	33597	65750	508985	0
LFQ	146	0	0	0	0	0	0	0	0	0	475	938	2109	0	0	4	1	50	42	490	183	252	518	3134	3560	2915	2445	1801	665	2324	3363	1070	6022	2765	3537	23234	17620	33639	63483	507575	0
LFQ	147	0	0	0	0	0	0	0	0	0	552	1161	2541	0	0	4	3	52	60	531	193	305	515	3459	3817	3344	2224	1677	1338	2233	3512	1199	6310	2919	3647	23940	17611	33752	63478	500274	0
LFQ	148	0	0	4	0	0	0	0	0	0	536	871	2039	0	0	5	3	60	92	462	214	509	1023	2429	4003	3041	1979	1818	446	2233	3835	1407	5478	2542	3648	23629	17623	35431	58770	503005	0
LFQ	149	0	0	0	0	0	0	0	0	0	686	1106	2729	0	0	3	1	74	64	529	182	399	641	3128	4108	3384	2375	1728	1338	2185	3841	1383	6179	2738	3949	24541	18025	35023	63400	489888	0
LFQ	150	0	0	0	0	0	0	0	0	2	632	1014	2158	0	0	17	57	57	122	507	220	490	992	2868	4245	3466	2090	2250	554	3104	3818	2146	5622	2559	3976	25384	21230	33509	60795	486273	0
LFQ	151	0	0	0	0	0	0	0	0	0	676	916	2216	0	0	5	2	63	77	521	216	552	939	2698	4530	3445	1888	1984	383	1910	4135	1339	5562	2295	4259	24546	18338	36467	58835	487789	0
LFQ	152	0	0	0	0	0	0	0	0	0	702	902	2357	0	0	5	8	68	92	501	194	507	897	2944	4556	3445	1931	2025	436	1992	4051	1366	5661	2383	4076	25357	18020	35729	58653	484327	0
LFQ	153	0	0	0	0	0	0	0	0	0	650	777	1921	0	0	6	2	82	87	469	186	749	1305	2227	4559	3173	1588	1877	303	1897	4178	1662	4977	2192	3752	24423	18065	37096	55492	486089	0
LFQ	154	0	0	0	0	0	0	0	0	0	554	675	1736	0	0	8	2	66	68	399	144	1049	1586	1117	4123	2956	1579	1717	294	1579	4330	2016	3535	2037	3513	23531	17626	35363	54230	490539	0
LFQ	155	0	0	0	0	0	0	0	0	0	713	720	1910	0	0	7	5	77	88	391	153	731	1168	2419	4256	3025	1837	1822	407	1738	3779	1641	4532	2253	3511	24075	17179	34110	54907	485453	0
LFQ	156	0	0	0	0	0	0	0	0	0	827	880	2368	0	0	16	6	104	71	534	157	960	1317	2428	4251	3178	2284	1809	1165	2023	4350	1924	4899	2481	3522	25653	17860	34945	59481	469966	0
LFQ	157	0	0	0	0	0	0	0	0	7	719	736	1907	0	0	25	37	103	104	429	182	1292	1639	1989	4285	2788	2334	1835	853	2684	3984	2728	4421	2479	2495	26143	19759	34478	58765	466874	0
LFQ	158	0	0	0	0	0	0	0	0	0	785	674	2001	0	0	15	9	100	111	377	156	1181	1488	1973	4390	3182	1885	1918	381	1807	4347	2145	4229	2173	3716	25625	17637	37091	55976	467136	0
LFQ	159	0	0	0	0	0	0	0	0	0	847	728	2068	0	0	10	9	107	120	403	143	1334	1621	1863	4319	3237	2262	2141	645	1674	4666	2367	3860	2251	3631	25848	17358	34981	59236	461266	0
LFQ	160	0	0	0	0	0	0	0	0	0	933	713	2076	0	0	17	12	101	125	414	168	1618	2044	1071	4609	3269	2111	2097	407	1775	4967	2669	3355	2111	3535	26001	17692	36397	55173	460103	0
LFQ	161	0	0	0	0	0	0	0	0	0	845	657	1872	0	0	20	16	95	112	384	134	1657	1804	1352	4640	2982	2103	1933	487	1963	4490	2684	3371	2305	2992	25927	17206	36299	54619	459090	0
LFQ	162	0	0	0	0	0	0	0	0	0	867	713	2036	0	0	34	19	84	100	396	160	1792	1794	1586	4759	3036	2044	2001	489	1914	4417	2578	3573	2205	3075	26456	17061	35776	54075	455349	0
LFQ	163	0	0	9	0	0	0	0	0	0	939	647	1859	0	0	47	14	86	112	366	129	2026	2167	1221	4745	2560	2299	1755	618	2132	4142	2977	3170	2274	2148	26014	17212	35258	54373	453509	0
LFQ	164	0	0	0	0	0	0	0	0	0	1082	710	2281	0	0	29	19	133	139	399	189	1758	1840	2028	4618	3400	2599	2172	757	1954	4536	2755	3906	2382	3387	27887	17166	35623	57881	439554	0
LFQ	165	0	0	0	0	0	0	0	0	0	956	612	1860	0	0	46	22	162	124	312	161	2286	2136	1484	4401	2458	2678	1748	812	2672	3941	3247	3329	2545	1865	27213	16599	36900	55451	441557	0
LFQ	166	0	0	0	0	0	0	0	0	0	978	609	1741	0	0	47	28	123	114	345	156	2423	2139	1319	4350	2789	2515	1805	639	2206	4347	3227	2885	2357	2352	27049	16171	35818	54814	440609	0
LFQ	167	0	0	1	0	0	0	0	0	3	1035	589	1753	0	0	44	33	110	112	305	150	2290	2160	1526	4423	2824	2438	1927	739	2336	4316	3223	2889	2240	2247	27649	17761	34194	55285	435572	0
LFQ	168	0	0	0	0	0	0	0	0	0	1279	758	2403	0	0	69	32	187	131	460	193	2127	1848	2877	4173	2860	3362	1825	1865	2808	3889	3110	4775	2799	2177	29147	16068	34692	62200	418371	0
LFQ	169	0	0	16	0	0	0	0	0	25	1110	620	1802	0	9	92	91	181	120	337	258	2701	2202	1836	4398	2761	3119	2017	1127	3089	4113	4482	3723	4056	2604	28591	16711	36681	60862	413032	0
LFQ	170	0	0	0	0	0	0	0	0	0	1006	598	1812	0	0	73	32	148	105	285	144	2700	2256	1740	4183	2532	2822	1688	964	2872	3990	3608	3035	2452	1808	28904	15777	37605	56273	419668	0
LFQ	171	0	0	0	0	0	0	0	0	17	1270	691	1908	0	0	53	54	162	178	318	265	2529	2003	2520	4665	3126	2673	2008	981	2473	3989	3509	3636	2151	2667	30546	18061	35619	56587	410649	0
LFQ	172	0	0	0	0	0	0	0	0	0	1369	715	2122	0	0	112	42	225	186	341	196	3137	2429	2233	4676	3028	2993	1968	1000	3024	4277	3884	3275	2537	2409	30637	16124	37989	57249	403330	0
LFQ	173	0	0	5	0	0	0	0	0	30	1167	641	1775	0	4	124	80	192	140	286	302	3211	2371	2767	3923	2792	3056	1743	1198	3547	3715	4576	3484	3677	1956	30355	17640	34736	63358	394852	0
LFQ	174	0	0	0	0	0	0	0	0	10	1427	710	2076	0	0	113	55	194	162	358	226	3163	2330	2713	4675	2937	3408	1898	1536	3391	3830	4180	3803	2530	1752	32034	17136	36675	59352	391213	0
LFQ	175	0	0	0	0	0	0	0	0	51	1348	732	1682	0	0	121	91	201	191	298	364	3261	2242	3045	3790	3044	2917	1894	1455	3516	3624	4317	3070	2331	1634	32569	19602	33689	58199	390800	0
LFQ	176	0	0	0	0	0	0	0	0	55	1278	800	1539	0	0	119	97	183	179	313	552	3216	2168	3834	3032	2817	2979	1595	1854	3568	3507	4223	3044	2054	1010	32529	22741	28561	59947	388516	0
LFQ	177	0	0	0	0	0	0	0	0	62	1637	785	2186	0	8	136	107	235	206	537	600	3341	2129	3706	3331	2849	3874	1777	3080	3881	4269	4675	4494	3615	2144	31917	19431	30500	69466	367273	0
LFQ	178	0	0	3	0	0	0	0	0	118	1413	780	1407	0	19	174	143	220	149	391	457	3692	2585	2831	4004	3174	3241	2271	1460	3881	4279	5326	3479	4787	3189	30790	18260	33447	67423	365014	0
LFQ	179	0	0	0	0	0	0	0	0	54	1341	775	1401	0	0	132	87	183	201	373	606	3358	2202	3555	3156	2811	3031	1655	1662	3646	3608	4156	2953	1935	1485	32855	21035	30226	57345	378602	0
LFQ	180	0	0	0	0	0	0	0	0	75	1441	758	1578	0	3	124	103	188	159	387	568	3455	2309	3759	3341	2818	3282	1826	1964	4116	3569	4764	3584	3616	1923	32006	20329	30072	63102	365202	0
LFQ	181	0	0	0	0	0	0	0	36	83	1503	747	1796	19	20	165	150	293	358	417	600	4069	2551	4447	2838	3092	4294	1805	2576	4986	4481	4733	4623	3245	1707	33376	16698	33285	60936	356439	0
LFQ	182	0	0	0	0	0	0	0	0	220	1404	763	1172	0	19	171	126	195	166	551	847	4034	2565	3029	3521	3138	3243	2322	1689	3977	5488	5869	3435	7315	5272	29303	19809	30281	102963	309731	0
LFQ	183	0	0	0	0	0	0	0	0	60	1509	873	1524	0	0	149	117	212	201	374	535	3820	2271	4148	3061	2886	3393	1580	1925	4315	3130	4644	3223	2190	1198	34935	19127	33762	59124	354311	0
LFQ	184	0	0	0	0	0	0	0	0	192	1450	866	947	0	3	179	125	170	164	542	1012	3470	2075	4096	2984	2706	2955	1674	2181	3729	3845	4384	2604	2676	1421	32641	25870	24065	62889	352659	0
LFQ	185	0	0	0	0	0	0	0	0	49	1568	807	1570	0	0	182	101	205	154	265	345	4318	2351	3745	3471	2529	3241	1259	1664	4711	2471	4644	2824	2352	249	33509	15596	34230	56388	355853	0
LFQ	186	0	0	0	0	0	0	0	0	82	1746	894	1424	0	0	208	120	204	179	343	549	4369	2478	4223	3128	2698	3324	1316	1944	4514	2768	4825	2496	2151	391	34088	17672	31378	55790	351286	0
LFQ	187	0	0	0	0	0	0	0	0	103	1614	896	1347	0	7	193	130	227	214	274	527	4900	2666	4796	1717	2787	3405	1010	1838	5062	2668	5053	2292	2815	849	33018	15683	31401	62709	342267	0
LFQ	188	0	0	0	0	0	0	0	0	82	1604	890	1279	0	0	198	144	212	186	331	542	4659	2464	4635	2508	2648	3300	1113	2104	4746	2603	4657	2308	2046	296	33750	18216	29850	55381	345613	0
LFQ	189	0	0	0	0	0	0	0	0	345	1560	1015	637	0	2	193	151	179	201	863	1383	3922	2066	5082	1409	2509	2962	1214	2689	3696	3568	4041	1880	1905	841	32821	28370	18115	60721	339827	0
LFQ	190	0	0	0	0	0	0	0	0	148	1535	893	1033	0	7	189	147	167	173	466	758	4549	2337	4657	1929	2480	3265	1135	2146	4509	3017	4634	2109	2484	856	32688	19476	26651	62633	333127	0
LFQ	191	0	0	0	0	0	0	0	0	301	1668	1025	912	0	26	194	159	200	200	829	1300	4201	2379	4090	3766	2730	3365	1983	2395	3957	4687	4748	2978	5011	3140	30379	23097	24217	98118	283978	0
LFQ	192	0	0	0	0	0	0	0	33	349	1779	1041	819	8	18	223	195	261	325	968	1516	4470	2368	5136	2092	3302	3885	1856	3258	4270	4761	4789	2998	3080	2555	33991	26629	21983	73759	299022	0
LFQ	193	0	0	0	0	0	0	0	0	507	1670	1060	469	0	31	219	202	197	226	1242	1757	4277	2204	5093	2038	2776	3508	1876	3164	3535	5188	4421	2414	4656	3445	31435	29750	16647	91738	281786	0
LFQ	194	0	0	0	0	0	0	0	0	301	1657	967	675	0	12	178	156	175	206	983	1462	4404	2251	5236	1759	2647	3423	1413	2784	3953	3946	4223	2012	3187	1600	32818	26159	20332	78174	296168	0
LFQ	195	0	0	0	0	0	0	0	0	410	1533	965	664	0	21	210	175	189	177	1035	1523	4565	2455	4877	2125	2651	3447	1647	2701	4257	4663	4499	2474	4539	2783	30848	24462	20814	94903	273233	0
LFQ	196	0	0	0	0	0	0	0	0	474	1658	1016	624	0	20	242	213	186	183	1241	1748	4515	2247	5025	2137	2583	3551	1660	3220	3932	4750	4306	2520	4309	2679	31454	27327	17466	91283	271868	0
LFQ	197	0	0	0	0	0	0	0	0	524	1626	982	358	0	23	174	206	146	175	1428	1985	3853	2012	5425	1899	2652	3386	1598	3440	3097	4965	3666	2179	3516	2296	31399	31941	12452	80168	282632	0
LFQ	198	0	0	0	0	0	0	0	24	623	1626	940	352	2	45	174	207	228	239	1586	2125	4075	2366	4666	2090	2629	3691	2083	3336	3473	6484	4435	3323	6585	5182	27059	28673	15296	127950	224345	0
LFQ	199	0	0	0	0	0	0	0	0	464	1886	1049	531	0	21	239	201	191	177	1343	1874	4233	2174	5242	2613	2756	3618	1731	3421	3632	4897	3982	2595	3808	2262	32252	29289	16013	79879	269007	0
LFQ	200	0	0	0	0	0	0	0	0	682	1718	1062	393	0	39	252	231	178	194	1629	2155	4382	2343	5209	2056	2687	3947	1883	3436	3612	6202	4117	2832	5964	4220	29547	29295	14274	108920	233462	0
LFQ	201	0	0	0	0	0	0	0	0	802	1592	924	38	0	48	209	185	154	190	2035	2673	3644	1884	5548	1781	2381	3480	1948	3852	2426	6601	3121	2543	5366	4026	27792	36150	6357	108455	236332	0
LFQ	202	0	0	0	0	0	0	0	0	668	1595	874	219	0	39	184	183	176	158	1729	2299	4127	2031	5281	1497	2372	3510	1608	3619	2984	5626	3403	2302	4432	3334	28646	31620	10341	101435	241953	0
LFQ	203	0	0	0	0	0	0	0	1	553	1794	980	386	0	27	223	170	183	227	1678	2101	4162	2006	5274	2295	2651	3786	1813	3656	2975	5963	3823	2556	4068	3469	30704	30092	13305	95998	236928	0
LFQ	204	0	0	0	0	0	0	0	159	976	1472	802	147	18	95	201	426	461	528	2285	2864	4164	2912	4938	2012	3214	4547	2929	4325	3790	9409	5784	5564	9311	9189	22358	27932	14640	154212	157757	0
LFQ	205	0	0	0	0	0	0	0	1	672	1773	1031	352	0	47	261	267	229	247	1889	2296	4365	2153	5475	2675	2828	4387	2080	4198	3584	6338	4101	3059	5170	3781	31980	30222	14132	100357	214993	0
LFQ	206	0	0	0	0	0	0	0	86	1136	1236	707	54	10	113	202	343	287	352	2229	3017	4283	2895	4385	2193	2704	4526	2946	3371	3513	10571	5736	5696	12140	10941	18150	26300	13216	182356	124650	0
LFQ	207	0	0	0	0	0	0	0	33	621	1613	934	288	1	55	187	268	212	247	1755	2233	4628	2550	5431	1861	2684	4172	1972	3620	3843	7091	4856	3569	6408	5474	27110	26002	16051	124006	186015	0
LFQ	208	0	0	0	0	0	0	0	59	1018	1596	840	38	7	115	177	324	251	298	2408	3099	4229	2639	5204	2007	2723	4403	2606	3975	3197	9669	4837	5012	9453	8819	22363	29378	10806	152308	146718	0
LFQ	209	0	0	19	0	0	0	0	1	2310	3081	2092	379	0	182	388	435	407	467	2548	3234	5138	2767	7107	2863	3395	5520	2765	5047	3291	7739	4516	4261	6467	5632	29348	28772	11501	115972	163561	0
LFQ	210	0	0	957	0	0	0	0	213	1331	1756	906	101	49	255	422	888	842	849	3052	3575	4760	3570	5976	2975	4158	5873	4177	5005	4229	10682	6504	6368	9492	9188	21840	26069	12460	134400	125855	0
LFQ	211	0	0	0	0	0	0	0	48	1145	1555	739	9	6	83	226	321	291	522	2842	3186	4547	2913	5219	2328	2916	4678	2994	3902	3411	10393	5102	5416	10188	9130	20252	27338	9337	159084	113804	0
LFQ	212	0	0	0	0	0	0	0	0	1105	1483	754	31	0	80	212	196	166	128	2481	3003	4264	2455	5165	2050	2367	4364	2354	3641	3016	9208	4138	4383	8148	7137	21949	28337	8458	146477	131042	0
LFQ	213	0	0	0	0	0	0	0	0	1255	1296	715	52	0	124	200	176	154	124	2419	3249	4496	3056	4188	1961	2073	4442	2294	2497	3563	10351	5291	5390	11200	9954	15666	20733	12598	185495	88303	0
LFQ	214	0	0	0	0	0	0	0	31	1089	1468	667	4	4	103	184	260	205	202	2696	3223	4060	2487	5100	1750	2212	4325	2172	3581	2839	9527	4390	4626	8431	8251	19342	26160	8895	154641	115824	0
LFQ	215	0	0	0	0	0	0	0	88	1297	1316	624	16	8	126	172	344	273	259	2655	3355	4193	2918	4393	1903	2441	4716	2406	3365	3227	10542	5438	5648	9884	10025	15618	23069	10563	170675	92391	0
LFQ	216	0	0	0	0	0	0	0	57	1394	1306	671	40	5	119	187	302	222	199	2678	3320	4404	3096	4138	1903	2131	4760	2509	2727	3519	10898	5622	6019	10691	10465	14309	20312	11827	182116	77305	0
LFQ	217	0	0	0	0	0	0	0	91	1194	1135	548	12	13	118	171	411	353	373	2570	3344	4166	3251	4010	1898	2433	4914	2831	3146	3619	11526	6717	6790	11408	12418	12265	19072	12911	190542	60090	0
LFQ	218	0	0	0	0	0	0	0	186	1116	1433	697	136	17	120	188	666	490	605	2531	2962	4601	3385	4718	1957	3177	5313	2709	4313	3939	10053	7461	6189	9066	10565	18167	19405	15413	147958	89444	0
LFQ	219	0	0	0	0	0	0	0	210	1306	1224	808	228	31	156	205	627	555	667	2450	3332	5206	4335	4119	2392	3382	6347	3172	3845	5083	12000	9239	7804	12172	13407	13448	12765	19631	181976	41498	0
LFQ	220	0	0	0	0	0	0	0	305	1129	986	478	63	40	137	162	885	766	975	2780	3611	4247	3940	4189	2204	3809	6134	3696	4939	3906	13075	9350	8197	11721	14600	12025	17994	14703	166220	51030	0
LFQ	221	0	0	0	0	0	0	0	463	1063	799	431	167	61	128	152	1385	1051	1490	2423	2976	3565	4103	3380	2604	4717	6906	4465	6622	4268	13401	12325	9603	12425	18481	11859	13130	21037	171109	26261	0
LFQ	222	0	0	0	0	0	0	0	140	1135	1171	554	53	20	137	193	409	422	464	2686	3480	4520	3401	4741	1943	2978	5598	2857	4072	3700	11627	6998	7044	9778	11047	14960	19182	12178	163302	56886	0
LFQ	223	0	0	0	0	0	0	0	370	1314	885	412	96	52	130	140	1078	821	1190	2695	3468	4102	4017	3759	2082	4000	6524	3829	5453	4090	13355	10893	8700	11940	16204	10232	14350	16437	172189	27374	0
LFQ	224	0	0	0	0	0	0	0	213	1272	1128	541	91	23	121	175	774	577	737	2617	3413	4646	3801	4070	1894	3294	6004	2945	4162	4201	12069	8952	7673	10825	13500	12310	14110	15844	165250	39528	0
LFQ	225	0	0	0	0	0	0	0	485	1199	706	322	105	64	155	134	1294	1096	1438	2653	3539	3697	4422	3409	2157	4504	6762	4166	6081	4327	14270	12592	9446	12442	18810	7589	11295	17879	171070	13166	0
LFQ	226	0	0	0	0	0	0	0	250	1003	829	423	74	28	130	136	894	664	830	2392	3104	3929	3610	3891	1830	3557	6001	3176	4788	4104	12547	9918	8153	10712	15072	10855	13327	15552	165904	28400	0
LFQ	227	0	0	0	0	0	0	0	475	1148	781	260	79	56	133	122	1533	1166	1596	2582	3451	3289	4014	3652	1904	4772	6785	4029	6763	3616	13647	12673	8662	11281	18049	8887	13151	15904	155110	21007	0
LFQ	228	0	0	0	0	0	0	0	257	1302	779	431	60	22	140	154	988	703	973	2359	3330	4173	4048	3364	1794	3463	6124	3293	4439	4135	13001	10974	8642	11365	16476	7774	10805	15782	168898	15429	0
LFQ	229	0	0	0	0	0	0	0	212	1232	996	406	39	25	128	160	754	578	720	2688	3723	4152	3873	3708	1991	3248	6017	2969	4135	3863	12833	9686	8358	10604	14860	7700	12739	12768	164669	20158	0
LFQ	230	0	0	0	0	0	0	0	464	1163	741	264	74	63	130	127	1394	1101	1420	2650	3552	3424	4015	3696	1964	4612	6824	4063	6829	3534	13759	12804	8507	11283	18193	7765	11892	14553	145290	18030	0
LFQ	231	0	0	0	0	0	0	0	501	1018	887	421	100	48	127	142	1434	1129	1557	2397	3159	3684	4012	4150	2063	4921	7337	3723	7060	3848	12513	12239	7629	10214	16205	11880	12406	15432	129380	26884	0
LFQ	232	0	0	0	0	0	0	0	554	1141	784	259	95	59	144	126	1624	1273	1761	2597	3596	3421	4203	4214	1973	5122	7530	3863	7422	3276	13413	12172	7847	10559	16595	9897	13007	13081	128895	21936	0
LFQ	233	0	0	0	0	0	0	0	414	1080	730	376	117	45	136	149	1459	1001	1516	2370	3397	3787	4154	3696	1840	4419	6950	3484	6379	4108	13019	12617	8505	10732	17136	8156	9637	14807	138118	12268	0
LFQ	234	0	0	0	0	0	0	0	562	1225	558	215	105	81	171	118	1564	1192	1705	2715	3893	3466	4759	3090	2199	4785	7386	3885	6433	3842	14272	13350	8935	11911	18379	4014	8122	13912	143614	4	0
LFQ	235	0	0	0	0	0	0	0	466	1164	679	226	69	56	123	133	1523	1098	1575	2490	3522	3297	4052	3628	1866	4644	6902	3627	6752	3347	13158	12486	7891	10703	17310	6981	10708	12387	128700	13196	0
LFQ	236	0	0	0	0	0	0	0	459	1128	574	239	61	56	119	116	1449	1060	1496	2359	3466	3297	4090	3084	1880	4305	6773	3546	5925	3530	13553	12954	8483	11118	18093	4378	8447	12952	136769	3253	0
LFQ	237	0	0	0	0	0	0	0	512	1142	584	225	72	57	153	94	1552	1096	1631	2372	3452	3126	4124	3222	1822	4488	6835	3571	6423	3299	13308	12949	7838	10615	17456	5259	8971	12391	128707	5882	0
LFQ	238	0	0	0	0	0	0	0	326	1095	702	254	40	30	124	116	1164	833	1252	2391	3454	3443	3906	3621	1728	3935	6325	3020	5523	3446	12430	11105	7516	9634	15531	6349	9970	11072	124141	12980	0
LFQ	239	0	0	0	0	0	0	0	725	1079	367	96	101	89	121	101	2212	1566	2341	2231	3379	2300	4199	2780	1780	5472	7593	3954	8485	2763	13496	15347	7301	11372	19943	3897	7038	13274	116026	0	0
LFQ	240	0	0	0	0	0	0	0	282	1054	527	234	45	31	144	114	1161	847	1243	2198	3302	3326	4030	2814	1663	3669	6218	2971	5141	3553	12746	11877	7993	9914	16615	2925	6976	11655	130864	0	0
LFQ	241	0	0	0	0	0	0	0	460	976	389	154	55	58	117	86	1658	1184	1816	2114	3220	2540	3988	2704	1631	4539	6668	3397	7043	2871	12836	13460	7322	10513	18376	3305	6897	11702	118076	2	0
LFQ	242	0	0	0	0	0	0	0	590	849	303	78	71	67	96	48	2109	1451	2206	2026	3069	2056	4008	2682	1544	5270	7396	3570	8441	2376	12577	14904	6298	11033	19130	4364	7004	11907	103680	3025	0
LFQ	243	0	0	0	0	0	0	0	440	891	571	341	97	41	116	121	1637	1085	1709	2050	3009	2663	3815	2661	2088	4501	6784	3353	6718	2983	11810	12852	6757	9767	16413	4947	6272	11793	107776	2372	0
LFQ	244	0	0	0	0	0	0	0	579	930	485	186	124	79	86	96	1902	1359	2109	2017	3265	2341	4102	2810	2027	5206	7545	3568	8360	2357	12107	13804	6149	10202	17415	4979	6654	11029	94486	4072	0
LFQ	245	0	0	0	0	0	0	0	565	812	306	87	93	80	115	75	1813	1303	2030	1894	3243	2305	4078	2667	1724	4842	7381	3326	7824	2679	12375	13754	6465	10140	17266	3132	5950	10453	98029	0	0
LFQ	246	0	0	0	0	0	0	0	443	801	261	72	73	52	83	72	1880	1217	2059	1734	2950	1962	4001	2523	1639	5017	6971	3297	7996	2283	12211	14125	6120	10488	18079	3149	5751	10271	93454	0	0
LFQ	247	0	0	0	0	0	0	0	572	756	180	35	96	75	89	35	2235	1505	2503	1712	2754	1516	3955	2370	1447	5535	7510	3471	9297	1882	12189	15246	5114	11157	19224	3471	5483	10114	83562	3	0
LFQ	248	0	0	0	0	0	0	0	447	698	488	120	77	63	67	69	1742	1194	2050	1781	2727	2028	3520	3405	1296	5035	6988	3025	7875	1998	11178	12426	4694	9037	15492	6959	8328	8306	77081	9113	0
LFQ	249	0	0	0	0	0	0	0	597	780	209	71	75	66	90	50	2116	1400	2376	1804	2957	1778	3987	2574	1674	5323	7511	3369	8870	2139	11687	14377	5380	10512	17513	3121	5050	9305	76425	4	0
LFQ	250	0	0	0	0	0	0	0	489	748	361	96	80	72	83	66	1889	1285	2077	1844	2835	1890	3852	3165	1574	5132	7063	3134	8402	1925	10921	12915	4470	9597	15427	5561	6878	8004	68297	7234	0
LFQ	251	0	0	0	0	0	0	0	593	763	193	34	78	72	77	42	2134	1466	2494	1709	2887	1462	3999	2399	1549	5629	7404	3240	9428	1657	11394	14520	4474	10536	17178	3081	4660	8833	67815	0	0
LFQ	252	0	0	0	0	0	0	0	324	675	324	98	34	40	77	80	1445	1031	1548	1551	2660	2165	3639	2551	1496	4192	6054	2676	6478	2450	10722	11938	5556	8962	14890	2343	4712	7963	77763	0	0
LFQ	253	0	0	0	0	0	0	0	579	626	89	0	89	94	63	22	2251	1491	2734	1443	2519	914	3718	2191	1310	5789	7778	3225	10251	1220	11035	14924	3539	11155	17797	3204	4351	8534	57543	0	0
LFQ	254	0	0	0	0	0	0	0	404	668	226	58	48	54	86	66	1643	1085	1959	1515	2695	1675	3540	2318	1335	4418	6234	2627	7134	2004	10185	11981	4566	8842	14937	2552	4433	7687	68161	0	0
LFQ	255	0	0	0	0	0	0	0	433	653	184	29	50	70	64	44	1835	1263	2193	1536	2539	1302	3493	2216	1256	4825	6543	2759	8161	1454	10139	12760	3912	9369	15176	2529	4155	7649	60950	0	0
LFQ	256	0	0	0	0	0	0	0	487	628	172	22	57	80	64	39	1965	1231	2282	1368	2424	1061	3445	2064	1184	4898	6540	2728	8405	1286	9770	13002	3492	9498	15464	2590	4022	7235	56525	0	0
LFQ	257	0	0	0	0	0	0	0	415	578	110	15	66	70	68	36	1904	1217	2118	1202	2250	989	3261	1999	1209	4866	6486	2650	8209	1179	9483	12733	3261	9526	15184	2688	3914	6919	54250	0	0
LFQ	258	0	0	0	0	0	0	0	411	568	110	6	67	66	58	22	2003	1258	2163	1354	2186	851	3137	1899	1109	4804	6464	2605	8386	1073	9375	12443	2934	9191	14993	2431	3607	6638	51423	0	0
LFQ	259	0	0	0	0	0	0	0	438	584	148	32	53	45	59	44	1743	1142	1980	1292	2220	1173	3132	2036	1069	4336	6015	2429	7269	1351	9016	11563	3255	8489	13806	2259	3601	6263	51838	0	0
LFQ	260	0	0	0	0	0	0	0	460	666	187	40	54	60	73	50	1692	1096	2066	1332	2312	1223	3134	2044	1142	4189	5759	2248	7131	1346	8557	10984	3214	8170	12843	2066	3425	5901	50101	0	0
LFQ	261	0	0	0	0	0	0	0	506	605	141	16	72	71	81	41	1830	1247	2176	1322	2247	931	3215	1892	1129	4429	5925	2303	7909	1093	8486	11185	2825	8553	13027	2334	3214	5810	43934	1	0
LFQ	262	0	0	0	0	0	0	0	254	543	496	238	53	42	43	94	1131	768	1406	1235	2124	1770	2708	2370	1408	3434	5076	2089	5790	1649	7319	8685	3574	6271	9734	4041	4002	5545	45971	3569	0
LFQ	263	0	0	0	0	0	0	0	449	539	476	277	93	56	66	74	1698	1115	2121	1260	2180	1194	2859	2537	1389	4605	6140	2382	7670	915	7445	9496	2179	7059	10075	5519	4169	5014	32668	4098	0
LFQ	264	0	0	0	0	0	0	0	327	573	180	40	50	59	85	70	1407	990	1788	1279	2224	1318	2985	2195	1245	3881	5376	2173	6542	1463	7876	9720	3287	7199	10444	1821	2858	4882	38757	0	0
LFQ	265	0	0	0	0	0	0	0	357	506	108	16	59	57	62	32	1453	1025	1796	1054	2066	928	2916	1805	1082	3937	5607	2112	7307	1016	7704	10126	2489	7681	11017	2030	2758	4865	34264	0	0
LFQ	266	0	0	0	0	0	0	0	377	440	153	101	76	44	38	40	1457	1003	1738	946	1820	929	2656	1755	905	3832	5262	1902	6943	1043	6873	9478	2095	7231	10255	2939	2531	5174	32441	1111	0
LFQ	267	0	0	0	0	0	0	0	308	472	217	142	64	56	54	36	1346	906	1552	1049	1868	1242	2713	1853	938	3465	4893	1760	5942	1314	6472	8586	2311	6397	9338	2677	2473	4793	32940	1088	0
LFQ	268	0	0	0	0	0	0	0	292	488	259	118	55	52	64	73	1170	827	1456	1121	1997	1377	2656	1877	1251	3293	4827	1811	5597	1396	6461	8058	2657	5986	8368	2385	2343	4277	31348	694	0
LFQ	269	0	0	0	0	0	0	0	280	406	158	134	66	50	55	38	1216	774	1519	954	1824	1018	2422	1638	1076	3370	4946	1856	6167	992	6275	8355	2219	6320	8817	2505	2246	4376	27572	715	0
LFQ	270	0	0	0	0	0	0	0	304	450	88	10	46	52	59	19	1375	898	1662	960	1801	791	2437	1456	876	3391	4661	1697	6184	773	6200	8280	1863	6475	9088	1624	2269	3963	26499	0	0
LFQ	271	0	0	0	0	0	0	0	289	387	62	7	47	50	54	18	1182	809	1552	857	1638	625	2292	1353	838	3172	4597	1694	6119	713	5898	8294	1728	6379	8901	1628	2180	3848	25344	0	0
LFQ	272	0	0	0	0	0	0	0	259	392	104	16	35	55	56	26	1138	748	1399	830	1576	719	2131	1348	793	2894	4063	1449	5176	848	5525	7427	1891	5673	8131	1454	2112	3572	26968	0	0
LFQ	273	0	0	0	0	0	0	0	239	337	47	5	40	57	46	13	1186	789	1427	815	1486	505	2104	1133	713	3016	4153	1453	5580	552	5536	7732	1417	5990	8173	1417	1944	3472	23858	0	0
LFQ	274	0	0	0	0	0	0	0	280	324	135	87	41	51	53	25	1147	727	1299	811	1454	780	2083	1310	660	2867	4060	1291	5200	763	4987	6775	1539	5254	7242	2143	1811	3465	22185	777	0
LFQ	275	0	0	0	0	0	0	0	235	370	192	152	53	53	40	41	1076	704	1219	759	1364	864	2026	1486	710	2764	3863	1239	4794	777	4845	6322	1566	4872	6563	2383	1875	3187	20659	1264	0
LFQ	276	0	0	0	0	0	0	0	199	370	111	18	40	36	49	31	966	680	1153	778	1533	805	2010	1377	752	2651	3689	1315	4599	749	4805	6182	1718	4818	6447	1485	1867	2756	20433	461	0
LFQ	277	0	0	0	0	0	0	0	237	388	107	32	33	33	41	27	963	647	1159	753	1413	777	1968	1307	765	2344	3425	1230	4280	752	4594	5931	1772	4695	6352	1144	1545	2665	19894	0	0
LFQ	278	0	0	0	0	0	0	0	210	367	71	11	34	58	47	23	970	705	1289	816	1447	590	1915	1125	717	2529	3538	1230	4786	529	4366	5963	1305	4756	6360	1173	1481	2484	16779	0	0
LFQ	279	0	0	0	0	0	0	0	250	325	40	0	31	46	43	13	1008	646	1305	622	1235	465	1754	1045	630	2474	3448	1238	4741	391	4199	5830	1085	4613	6047	1210	1401	2479	15811	0	0
LFQ	280	0	0	0	0	0	0	0	200	352	53	5	29	34	41	11	951	557	1124	691	1242	437	1632	935	579	2254	3132	1135	4220	430	3950	5539	1121	4555	5805	1096	1401	2439	15461	0	0
LFQ	281	0	0	0	0	0	0	0	192	285	37	1	25	37	33	4	929	582	1192	573	1133	415	1514	931	565	2113	3132	1036	4251	327	3732	5267	953	4299	5683	992	1396	2291	14611	0	0
LFQ	282	0	0	0	0	0	0	0	208	297	35	1	23	35	35	13	832	520	1057	609	1041	365	1448	796	460	2018	2869	969	4171	330	3578	5023	911	4102	5358	1003	1249	2162	14089	0	0
LFQ	283	0	0	0	0	0	0	0	194	290	70	12	34	27	42	12	776	500	1038	580	1089	509	1375	971	498	1858	2696	875	3627	393	3335	4511	1034	3593	4620	1193	1331	1963	13417	357	0
LFQ	284	0	0	0	0	0	0	0	168	296	55	8	26	40	29	19	811	532	1041	570	1063	390	1336	936	516	1892	2775	923	3641	316	3188	4395	855	3531	4401	1193	1243	1926	11871	258	0
LFQ	285	0	0	0	0	0	0	0	162	244	73	11	17	24	32	14	724	439	875	489	921	356	1254	926	493	1787	2586	861	3543	225	2995	4215	692	3508	4168	1385	1358	1742	11073	554	0
LFQ	286	0	0	0	0	0	0	0	143	284	95	22	26	21	23	13	619	411	863	495	934	403	1217	863	431	1664	2200	813	3163	342	2923	3836	886	3172	3876	1042	1094	1678	11513	204	0
LFQ	287	0	0	0	0	0	0	0	147	280	51	11	21	31	25	13	585	426	771	481	945	402	1234	727	474	1597	2324	736	3037	366	2794	3755	892	3068	3666	771	946	1583	10766	0	0
LFQ	288	0	0	0	0	0	0	0	210	233	24	3	23	29	33	12	651	431	809	472	909	306	1182	684	378	1524	2274	828	3236	198	2627	3567	689	3140	3652	820	903	1519	9191	0	0
LFQ	289	0	0	0	0	0	0	0	134	232	40	5	23	30	25	14	536	367	665	435	818	409	1143	710	422	1369	1971	699	2760	361	2462	3342	856	2824	3291	715	820	1418	9526	0	0
LFQ	290	0	0	0	0	0	0	0	176	241	22	2	28	35	32	5	607	458	768	456	870	337	1080	624	410	1400	2074	679	2897	177	2284	3193	638	2756	3262	699	827	1360	7834	0	0
LFQ	291	0	0	0	0	0	0	0	160	253	41	3	18	23	33	16	493	340	699	422	721	363	1075	681	413	1337	1877	652	2681	257	2218	2996	674	2500	2928	678	710	1256	7669	0	0
LFQ	292	0	0	0	0	0	0	0	126	221	54	10	15	16	35	12	537	326	666	407	780	304	944	633	343	1295	1760	601	2538	216	2092	2839	571	2365	2571	799	779	1127	7031	159	0
LFQ	293	0	0	0	0	0	0	0	105	204	30	6	12	27	44	10	479	328	644	387	706	330	930	599	357	1194	1627	562	2361	223	1953	2713	611	2315	2603	583	651	1102	6575	0	0
LFQ	294	0	0	0	0	0	0	0	129	218	18	2	20	15	30	16	447	297	661	363	694	267	842	535	319	1148	1624	525	2371	171	1836	2518	456	2315	2481	593	591	1031	6012	0	0
LFQ	295	0	0	0	0	0	0	0	110	170	24	3	17	28	24	11	414	310	548	345	690	266	797	555	343	1102	1509	492	2130	175	1720	2396	488	2165	2244	525	552	975	5765	0	0
LFQ	296	0	0	0	0	0	0	0	111	181	20	0	22	25	21	7	431	273	541	332	608	236	802	427	296	1086	1519	454	2100	171	1624	2204	454	2059	2083	491	578	951	5225	0	0
LFQ	297	0	0	0	0	0	0	0	124	209	17	0	14	29	21	3	408	287	576	302	592	210	723	427	297	984	1460	447	2101	106	1532	2153	349	1952	1953	528	513	878	4433	0	0
LFQ	298	0	0	0	0	0	0	0	117	173	12	1	13	17	23	7	359	268	479	272	589	224	759	450	287	883	1358	429	1913	119	1429	1959	304	1832	1844	452	498	803	4284	0	0
LFQ	299	0	0	0	0	0	0	0	66	174	28	6	11	11	27	9	299	188	398	216	470	233	692	425	264	777	1195	395	1763	134	1320	1777	307	1643	1549	456	516	703	4018	130	0
LFQ	300	0	0	0	0	0	0	0	22	62	32	3	2	4	5	6	87	58	137	67	157	229	598	425	245	775	1193	360	1497	130	1199	1624	363	1527	1405	514	459	590	3772	124	0
LFQ	301	0	0	0	0	0	0	0	0	0	0	0	0	0	0	0	0	0	0	0	0	207	393	246	142	349	443	120	579	57	370	519	96	422	452	173	131	189	1142	28	0
# GC Content of first fragments. Use `grep ^GCF | cut -f 2-` to extract this part.
GCF	5.03	0
GCF	10.80	1
GCF	12.06	0
GCF	13.07	1
GCF	13.82	3
GCF	14.32	4
GCF	15.08	5
GCF	15.83	8
GCF	16.33	9
GCF	16.83	8
GCF	17.34	15
GCF	17.84	24
GCF	18.34	32
GCF	18.84	36
GCF	19.35	44
GCF	19.85	54
GCF	20.35	74
GCF	20.85	87
GCF	21.36	100
GCF	21.86	126
GCF	22.36	150
GCF	22.86	215
GCF	23.37	236
GCF	23.87	268
GCF	24.37	343
GCF	24.87	465
GCF	25.38	517
GCF	25.88	602
GCF	26.38	726
GCF	26.88	800
GCF	27.39	898
GCF	27.89	1067
GCF	28.39	1199
GCF	28.89	1319
GCF	29.40	1448
GCF	29.90	1582
GCF	30.40	1705
GCF	30.90	1881
GCF	31.41	2129
GCF	31.91	2367
GCF	32.41	2518
GCF	32.91	2663
GCF	33.42	2864
GCF	33.92	3097
GCF	34.42	3364
GCF	34.92	3742
GCF	35.43	3929
GCF	35.93	4240
GCF	36.43	4642
GCF	36.93	4968
GCF	37.44	5303
GCF	37.94	5735
GCF	38.44	6401
GCF	38.94	6744
GCF	39.45	7219
GCF	39.95	7871
GCF	40.45	8516
GCF	40.95	9283
GCF	41.46	10116
GCF	41.96	10728
GCF	42.46	11708
GCF	42.96	13153
GCF	43.47	15371
GCF	43.97	18042
GCF	44.47	18950
GCF	44.97	21397
GCF	45.48	22720
GCF	45.98	22323
GCF	46.48	22483
GCF	46.98	23310
GCF	47.49	24590
GCF	47.99	26212
GCF	48.49	28297
GCF	48.99	30099
GCF	49.50	32443
GCF	50.00	34333
GCF	50.50	36139
GCF	51.01	38050
GCF	51.51	39410
GCF	52.01	40309
GCF	52.51	41483
GCF	53.02	41504
GCF	53.52	41256
GCF	54.02	40554
GCF	54.52	38863
GCF	55.03	37080
GCF	55.53	34701
GCF	56.03	32830
GCF	56.53	30706
GCF	57.04	27975
GCF	57.54	25082
GCF	58.04	22975
GCF	58.54	20153
GCF	59.05	17702
GCF	59.55	15804
GCF	60.05	13702
GCF	60.55	11970
GCF	61.06	10192
GCF	61.56	8736
GCF	62.06	7583
GCF	62.56	6524
GCF	63.07	5493
GCF	63.57	4599
GCF	64.07	3775
GCF	64.57	3137
GCF	65.08	2546
GCF	65.58	2138
GCF	66.08	1832
GCF	66.58	1455
GCF	67.09	1301
GCF	67.59	1092
GCF	68.09	928
GCF	68.59	759
GCF	69.10	648
GCF	69.60	488
GCF	70.10	421
GCF	70.60	341
GCF	71.11	312
GCF	71.61	249
GCF	72.11	200
GCF	72.61	163
GCF	73.12	132
GCF	73.62	108
GCF	74.12	92
GCF	74.62	84
GCF	75.13	70
GCF	75.63	50
GCF	76.13	31
GCF	76.63	29
GCF	77.14	24
GCF	77.64	16
GCF	78.14	13
GCF	78.64	12
GCF	79.15	11
GCF	79.65	10
GCF	80.15	8
GCF	80.65	6
GCF	81.66	3
GCF	82.66	2
GCF	85.43	0
GCF	88.94	1
GCF	91.46	0
GCF	93.72	1
# GC Content of last fragments. Use `grep ^GCL | cut -f 2-` to extract this part.
GCL	5.03	0
GCL	11.31	1
GCL	13.32	3
GCL	14.32	4
GCL	14.82	6
GCL	15.33	5
GCL	15.83	7
GCL	16.33	10
GCL	16.83	15
GCL	17.34	20
GCL	17.84	29
GCL	18.59	37
GCL	19.35	50
GCL	19.85	58
GCL	20.35	82
GCL	20.85	90
GCL	21.36	112
GCL	21.86	143
GCL	22.36	180
GCL	22.86	245
GCL	23.37	266
GCL	23.87	293
GCL	24.37	361
GCL	24.87	512
GCL	25.38	570
GCL	25.88	658
GCL	26.38	740
GCL	26.88	880
GCL	27.39	1009
GCL	27.89	1161
GCL	28.39	1251
GCL	28.89	1389
GCL	29.40	1525
GCL	29.90	1697
GCL	30.40	1819
GCL	30.90	2037
GCL	31.41	2269
GCL	31.91	2452
GCL	32.41	2670
GCL	32.91	2874
GCL	33.42	3032
GCL	33.92	3294
GCL	34.42	3597
GCL	34.92	4030
GCL	35.43	4196
GCL	35.93	4459
GCL	36.43	4882
GCL	36.93	5290
GCL	37.44	5733
GCL	37.94	6202
GCL	38.44	6648
GCL	38.94	7116
GCL	39.45	7672
GCL	39.95	8352
GCL	40.45	9193
GCL	40.95	9999
GCL	41.46	10787
GCL	41.96	12169
GCL	42.46	14355
GCL	42.96	16658
GCL	43.47	17348
GCL	43.97	19447
GCL	44.47	21076
GCL	44.97	20899
GCL	45.48	20114
GCL	45.98	21168
GCL	46.48	22602
GCL	46.98	23893
GCL	47.49	25664
GCL	47.99	27956
GCL	48.49	30108
GCL	48.99	32141
GCL	49.50	34359
GCL	50.00	36754
GCL	50.50	38376
GCL	51.01	39904
GCL	51.51	41628
GCL	52.01	42793
GCL	52.51	43541
GCL	53.02	43929
GCL	53.52	43508
GCL	54.02	42981
GCL	54.52	41723
GCL	55.03	39448
GCL	55.53	37563
GCL	56.03	35355
GCL	56.53	33217
GCL	57.04	30278
GCL	57.54	27556
GCL	58.04	25207
GCL	58.54	22363
GCL	59.05	19810
GCL	59.55	17560
GCL	60.05	15649
GCL	60.55	13810
GCL	61.06	11937
GCL	61.56	10310
GCL	62.06	8936
GCL	62.56	7571
GCL	63.07	6441
GCL	63.57	5429
GCL	64.07	4535
GCL	64.57	3793
GCL	65.08	3097
GCL	65.58	2611
GCL	66.08	2224
GCL	66.58	1791
GCL	67.09	1581
GCL	67.59	1334
GCL	68.09	1115
GCL	68.59	935
GCL	69.10	809
GCL	69.60	625
GCL	70.10	535
GCL	70.60	442
GCL	71.11	383
GCL	71.61	316
GCL	72.11	247
GCL	72.61	203
GCL	73.12	162
GCL	73.62	126
GCL	74.12	102
GCL	74.62	93
GCL	75.13	81
GCL	75.63	66
GCL	76.13	51
GCL	76.63	47
GCL	77.14	42
GCL	77.64	27
GCL	78.14	21
GCL	78.64	16
GCL	79.15	13
GCL	79.65	11
GCL	80.15	10
GCL	80.65	7
GCL	81.41	3
GCL	82.16	2
GCL	82.66	1
GCL	87.69	0
GCL	92.71	1
GCL	93.47	0
GCL	94.22	1
GCL	96.48	0
GCL	98.99	1
GCL	99.75	2
# ACGT content per cycle. Use `grep ^GCC | cut -f 2-` to extract this part. The columns are: cycle; A,C,G,T base counts as a percentage of all A/C/G/T bases [%]; and N and O counts as a percentage of all A/C/G/T bases [%]
GCC	1	17.89	31.63	32.94	17.55	0.00	0.00
GCC	2	25.14	25.56	25.36	23.94	0.00	0.00
GCC	3	25.07	24.90	23.36	26.66	0.00	0.00
GCC	4	25.38	25.62	24.56	24.44	0.00	0.00
GCC	5	25.43	24.30	25.81	24.46	0.00	0.00
GCC	6	26.50	23.62	25.18	24.70	0.00	0.00
GCC	7	27.51	22.88	22.93	26.67	0.00	0.00
GCC	8	26.18	24.62	24.24	24.96	0.00	0.00
GCC	9	24.73	24.49	25.12	25.66	0.00	0.00
GCC	10	26.70	24.01	24.09	25.20	0.00	0.00
GCC	11	23.31	26.41	27.41	22.87	0.00	0.00
GCC	12	23.37	27.37	25.83	23.43	0.00	0.00
GCC	13	24.57	25.50	26.02	23.91	0.00	0.00
GCC	14	24.20	25.94	25.18	24.67	0.00	0.00
GCC	15	25.11	25.63	24.82	24.44	0.00	0.00
GCC	16	24.55	25.58	25.52	24.34	0.00	0.00
GCC	17	24.48	25.07	25.61	24.85	0.00	0.00
GCC	18	24.52	25.05	25.45	24.98	0.00	0.00
GCC	19	24.44	25.70	24.97	24.90	0.00	0.00
GCC	20	24.85	25.23	25.15	24.77	0.00	0.00
GCC	21	24.46	25.10	26.15	24.29	0.00	0.00
GCC	22	25.02	25.14	25.67	24.17	0.00	0.00
GCC	23	24.88	25.22	25.68	24.22	0.00	0.00
GCC	24	25.11	25.56	24.86	24.47	0.00	0.00
GCC	25	25.09	25.04	24.90	24.97	0.00	0.00
GCC	26	25.00	25.75	24.96	24.29	0.00	0.00
GCC	27	24.59	25.55	25.41	24.45	0.00	0.00
GCC	28	25.75	24.98	24.89	24.38	0.00	0.00
GCC	29	24.44	25.04	26.10	24.42	0.00	0.00
GCC	30	24.57	24.87	24.86	25.70	0.00	0.00
GCC	31	24.50	25.56	25.45	24.49	0.00	0.00
GCC	32	24.99	25.06	25.01	24.94	0.00	0.00
GCC	33	25.08	25.56	24.83	24.53	0.00	0.00
GCC	34	24.46	24.98	26.13	24.43	0.00	0.00
GCC	35	24.99	25.07	25.57	24.38	0.00	0.00
GCC	36	24.54	25.53	25.45	24.48	0.00	0.00
GCC	37	25.05	24.98	24.91	25.06	0.00	0.00
GCC	38	25.05	24.94	24.97	25.04	0.00	0.00
GCC	39	24.57	24.88	24.83	25.72	0.00	0.00
GCC	40	25.11	25.51	24.93	24.46	0.00	0.00
GCC	41	24.42	25.59	25.54	24.45	0.00	0.00
GCC	42	25.08	24.86	24.85	25.21	0.00	0.00
GCC	43	24.49	25.01	25.44	25.06	0.00	0.00
GCC	44	24.42	25.57	24.93	25.08	0.00	0.00
GCC	45	25.19	24.91	24.79	25.11	0.00	0.00
GCC	46	24.44	25.57	25.55	24.44	0.00	0.00
GCC	47	24.95	25.03	25.57	24.44	0.00	0.00
GCC	48	24.59	24.95	24.80	25.66	0.00	0.00
GCC	49	25.08	25.53	24.94	24.46	0.00	0.00
GCC	50	24.50	24.96	24.92	25.62	0.00	0.00
GCC	51	24.63	25.51	25.38	24.49	0.00	0.00
GCC	52	24.47	25.56	25.49	24.48	0.00	0.00
GCC	53	24.44	25.62	25.54	24.40	0.00	0.00
GCC	54	24.53	24.87	25.45	25.15	0.00	0.00
GCC	55	24.47	24.97	25.50	25.05	0.00	0.00
GCC	56	24.39	25.68	25.54	24.39	0.00	0.00
GCC	57	24.53	24.95	24.89	25.63	0.00	0.00
GCC	58	24.53	25.56	24.87	25.04	0.00	0.00
GCC	59	24.37	25.60	25.60	24.43	0.00	0.00
GCC	60	24.56	25.46	24.90	25.09	0.00	0.00
GCC	61	24.51	25.50	25.47	24.52	0.00	0.00
GCC	62	24.47	25.58	25.44	24.51	0.00	0.00
GCC	63	24.59	24.86	24.85	25.70	0.00	0.00
GCC	64	25.05	25.01	24.90	25.05	0.00	0.00
GCC	65	24.47	25.02	25.56	24.95	0.00	0.00
GCC	66	25.14	25.48	24.90	24.48	0.00	0.00
GCC	67	25.63	25.00	24.88	24.49	0.00	0.00
GCC	68	24.98	25.10	24.97	24.94	0.00	0.00
GCC	69	25.06	25.03	24.83	25.08	0.00	0.00
GCC	70	25.58	24.97	24.93	24.52	0.00	0.00
GCC	71	25.61	25.03	24.95	24.41	0.00	0.00
GCC	72	25.74	24.89	24.76	24.61	0.00	0.00
GCC	73	25.65	24.95	24.89	24.51	0.00	0.00
GCC	74	25.64	25.02	24.89	24.45	0.00	0.00
GCC	75	25.75	24.91	24.82	24.53	0.00	0.00
GCC	76	25.50	25.07	24.94	24.48	0.00	0.00
GCC	77	25.23	25.11	25.12	24.53	0.00	0.00
GCC	78	25.33	25.06	24.96	24.65	0.00	0.00
GCC	79	25.22	25.13	24.99	24.67	0.00	0.00
GCC	80	24.96	25.33	25.17	24.53	0.00	0.00
GCC	81	24.97	25.22	25.05	24.76	0.00	0.00
GCC	82	24.93	25.22	25.11	24.74	0.00	0.00
GCC	83	24.79	25.28	25.30	24.64	0.00	0.00
GCC	84	24.83	25.18	25.13	24.85	0.00	0.00
GCC	85	24.75	25.32	25.14	24.78	0.00	0.00
GCC	86	24.76	25.29	25.26	24.69	0.00	0.00
GCC	87	24.91	25.23	25.10	24.76	0.00	0.00
GCC	88	24.79	25.27	25.12	24.82	0.00	0.00
GCC	89	24.73	25.36	25.26	24.66	0.00	0.00
GCC	90	24.85	25.18	25.12	24.85	0.00	0.00
GCC	91	24.71	25.32	25.29	24.69	0.00	0.00
GCC	92	24.64	25.39	25.39	24.58	0.00	0.00
GCC	93	24.82	25.22	25.11	24.85	0.00	0.00
GCC	94	24.82	25.26	25.17	24.75	0.00	0.00
GCC	95	24.83	25.26	25.19	24.72	0.00	0.00
GCC	96	24.84	25.18	25.11	24.87	0.00	0.00
GCC	97	24.78	25.25	25.22	24.75	0.00	0.00
GCC	98	24.72	25.36	25.24	24.67	0.00	0.00
GCC	99	24.81	25.22	25.14	24.83	0.00	0.00
GCC	100	24.74	25.26	25.25	24.75	0.00	0.00
GCC	101	24.73	25.33	25.27	24.68	0.00	0.00
GCC	102	24.81	25.27	25.13	24.79	0.00	0.00
GCC	103	24.78	25.28	25.16	24.77	0.00	0.00
GCC	104	24.71	25.33	25.25	24.70	0.00	0.00
GCC	105	24.83	25.23	25.12	24.82	0.00	0.00
GCC	106	24.83	25.24	25.23	24.71	0.00	0.00
GCC	107	24.80	25.26	25.20	24.75	0.00	0.00
GCC	108	24.87	25.21	25.12	24.80	0.00	0.00
GCC	109	24.83	25.19	25.16	24.82	0.00	0.00
GCC	110	24.75	25.37	25.27	24.62	0.00	0.00
GCC	111	24.79	25.24	25.14	24.83	0.00	0.00
GCC	112	24.76	25.27	25.24	24.73	0.00	0.00
GCC	113	24.69	25.33	25.30	24.68	0.00	0.00
GCC	114	24.91	25.23	25.10	24.76	0.00	0.00
GCC	115	24.79	25.27	25.20	24.74	0.00	0.00
GCC	116	24.74	25.31	25.23	24.72	0.00	0.00
GCC	117	24.83	25.26	25.14	24.78	0.00	0.00
GCC	118	24.72	25.32	25.14	24.81	0.00	0.00
GCC	119	24.79	25.33	25.18	24.69	0.00	0.00
GCC	120	24.85	25.12	25.12	24.92	0.00	0.00
GCC	121	24.81	25.30	25.19	24.69	0.00	0.00
GCC	122	24.73	25.36	25.21	24.70	0.00	0.00
GCC	123	24.78	25.24	25.17	24.81	0.00	0.00
GCC	124	24.77	25.29	25.14	24.80	0.00	0.00
GCC	125	24.71	25.34	25.20	24.75	0.00	0.00
GCC	126	24.88	25.18	25.12	24.82	0.00	0.00
GCC	127	24.74	25.28	25.18	24.80	0.00	0.00
GCC	128	24.76	25.34	25.21	24.70	0.00	0.00
GCC	129	24.84	25.19	25.18	24.79	0.00	0.00
GCC	130	24.85	25.26	25.20	24.69	0.00	0.00
GCC	131	24.77	25.33	25.19	24.71	0.00	0.00
GCC	132	24.84	25.23	25.12	24.82	0.00	0.00
GCC	133	24.83	25.26	25.24	24.67	0.00	0.00
GCC	134	24.77	25.33	25.23	24.67	0.00	0.00
GCC	135	24.83	25.22	25.15	24.80	0.00	0.00
GCC	136	24.79	25.26	25.16	24.80	0.00	0.00
GCC	137	24.75	25.32	25.23	24.70	0.00	0.00
GCC	138	24.94	25.16	25.10	24.80	0.00	0.00
GCC	139	24.77	25.23	25.24	24.76	0.00	0.00
GCC	140	24.71	25.31	25.23	24.75	0.00	0.00
GCC	141	24.93	25.17	25.06	24.84	0.00	0.00
GCC	142	24.80	25.21	25.19	24.79	0.00	0.00
GCC	143	24.78	25.28	25.22	24.72	0.00	0.00
GCC	144	24.86	25.18	25.07	24.88	0.00	0.00
GCC	145	24.75	25.23	25.19	24.83	0.00	0.00
GCC	146	24.71	25.43	25.22	24.64	0.00	0.00
GCC	147	24.85	25.21	25.14	24.80	0.00	0.00
GCC	148	24.77	25.26	25.22	24.75	0.00	0.00
GCC	149	24.74	25.28	25.24	24.74	0.00	0.00
GCC	150	24.90	25.18	25.11	24.81	0.00	0.00
GCC	151	24.78	25.30	25.12	24.79	0.00	0.00
GCC	152	24.72	25.31	25.26	24.71	0.00	0.00
GCC	153	24.83	25.21	25.10	24.86	0.00	0.00
GCC	154	24.71	25.26	25.17	24.86	0.00	0.00
GCC	155	24.77	25.30	25.22	24.71	0.00	0.00
GCC	156	24.91	25.22	24.99	24.88	0.00	0.00
GCC	157	24.82	25.23	25.13	24.81	0.00	0.00
GCC	158	24.72	25.33	25.21	24.74	0.00	0.00
GCC	159	24.85	25.20	25.06	24.88	0.00	0.00
GCC	160	24.84	25.23	25.11	24.82	0.00	0.00
GCC	161	24.78	25.22	25.23	24.77	0.00	0.00
GCC	162	24.94	25.14	25.06	24.85	0.00	0.00
GCC	163	24.84	25.24	25.12	24.80	0.00	0.00
GCC	164	24.83	25.24	25.18	24.75	0.00	0.00
GCC	165	24.92	25.16	25.07	24.85	0.00	0.00
GCC	166	24.78	25.28	25.14	24.80	0.00	0.00
GCC	167	24.77	25.29	25.16	24.78	0.00	0.00
GCC	168	25.02	24.94	25.05	24.99	0.00	0.00
GCC	169	24.79	25.21	25.17	24.82	0.00	0.00
GCC	170	24.71	25.35	25.16	24.78	0.00	0.00
GCC	171	24.89	25.19	25.01	24.92	0.00	0.00
GCC	172	24.85	25.21	25.16	24.78	0.00	0.00
GCC	173	24.74	25.24	25.24	24.78	0.00	0.00
GCC	174	24.87	25.19	25.09	24.86	0.00	0.00
GCC	175	24.77	25.19	25.21	24.83	0.00	0.00
GCC	176	24.72	25.27	25.20	24.82	0.00	0.00
GCC	177	24.99	25.09	25.03	24.89	0.00	0.00
GCC	178	24.81	25.16	25.16	24.87	0.00	0.00
GCC	179	24.78	25.24	25.20	24.78	0.00	0.00
GCC	180	24.86	25.22	25.06	24.86	0.00	0.00
GCC	181	24.86	25.17	25.13	24.83	0.00	0.00
GCC	182	24.82	25.23	25.12	24.83	0.00	0.00
GCC	183	24.96	25.17	24.98	24.89	0.00	0.00
GCC	184	24.82	25.27	25.10	24.81	0.00	0.00
GCC	185	24.76	25.28	25.12	24.85	0.00	0.00
GCC	186	24.85	25.25	24.95	24.96	0.00	0.00
GCC	187	24.87	25.11	25.14	24.87	0.00	0.00
GCC	188	24.81	25.20	25.16	24.83	0.00	0.00
GCC	189	24.99	25.09	24.97	24.94	0.00	0.00
GCC	190	24.84	25.15	25.13	24.88	0.00	0.00
GCC	191	24.79	25.29	25.09	24.83	0.00	0.00
GCC	192	24.94	25.11	24.96	24.99	0.00	0.00
GCC	193	24.78	25.19	25.11	24.92	0.00	0.00
GCC	194	24.78	25.22	25.11	24.90	0.00	0.00
GCC	195	24.96	25.06	25.09	24.89	0.00	0.00
GCC	196	24.94	25.15	25.05	24.85	0.00	0.00
GCC	197	24.89	25.26	24.97	24.87	0.00	0.00
GCC	198	24.98	25.07	24.99	24.96	0.00	0.00
GCC	199	24.92	25.19	25.02	24.87	0.00	0.00
GCC	200	24.88	25.20	25.07	24.85	0.00	0.00
GCC	201	24.98	25.08	24.96	24.98	0.00	0.00
GCC	202	24.97	25.18	25.03	24.83	0.00	0.00
GCC	203	24.90	25.15	25.10	24.86	0.00	0.00
GCC	204	25.02	25.06	24.93	24.99	0.00	0.00
GCC	205	24.97	25.07	25.11	24.85	0.00	0.00
GCC	206	24.82	25.16	25.12	24.91	0.00	0.00
GCC	207	24.98	25.10	24.94	24.98	0.00	0.00
GCC	208	24.98	25.08	24.99	24.95	0.00	0.00
GCC	209	24.95	25.22	24.94	24.89	0.00	0.00
GCC	210	24.99	25.08	24.93	25.00	0.11	0.00
GCC	211	24.95	25.17	25.01	24.86	0.00	0.00
GCC	212	24.92	25.11	25.06	24.91	0.00	0.00
GCC	213	24.97	25.05	24.95	25.03	0.00	0.00
GCC	214	24.86	25.15	25.01	24.98	0.00	0.00
GCC	215	24.85	25.13	25.14	24.88	0.00	0.00
GCC	216	25.00	25.10	24.88	25.02	0.00	0.00
GCC	217	25.00	25.04	25.00	24.96	0.00	0.00
GCC	218	24.89	25.17	25.09	24.85	0.00	0.00
GCC	219	24.99	25.09	24.95	24.97	0.00	0.00
GCC	220	24.93	25.12	24.99	24.96	0.00	0.00
GCC	221	24.95	25.13	24.96	24.97	0.00	0.00
GCC	222	25.00	24.98	24.91	25.11	0.00	0.00
GCC	223	24.94	25.05	24.92	25.09	0.00	0.00
GCC	224	24.92	25.11	25.00	24.97	0.00	0.00
GCC	225	25.05	25.10	24.90	24.95	0.00	0.00
GCC	226	24.98	25.14	24.85	25.04	0.00	0.00
GCC	227	24.96	25.06	24.99	24.98	0.00	0.00
GCC	228	25.13	25.02	24.82	25.03	0.00	0.00
GCC	229	25.08	25.04	24.86	25.02	0.00	0.00
GCC	230	25.00	25.07	24.92	25.02	0.00	0.00
GCC	231	24.98	24.93	24.86	25.23	0.00	0.00
GCC	232	25.00	24.97	24.96	25.08	0.00	0.00
GCC	233	24.97	25.01	24.90	25.13	0.00	0.00
GCC	234	25.16	25.00	24.71	25.13	0.00	0.00
GCC	235	25.08	25.01	24.86	25.06	0.00	0.00
GCC	236	25.07	24.95	24.96	25.01	0.00	0.00
GCC	237	25.17	24.94	24.77	25.13	0.00	0.00
GCC	238	25.08	24.96	24.86	25.10	0.00	0.00
GCC	239	25.05	24.91	24.81	25.23	0.00	0.00
GCC	240	25.13	24.96	24.77	25.15	0.00	0.00
GCC	241	25.09	24.89	24.91	25.11	0.00	0.00
GCC	242	25.15	24.98	24.78	25.09	0.00	0.00
GCC	243	25.14	24.89	24.77	25.20	0.00	0.00
GCC	244	25.12	24.96	24.80	25.13	0.00	0.00
GCC	245	25.14	25.01	24.76	25.09	0.00	0.00
GCC	246	25.24	24.78	24.80	25.18	0.00	0.00
GCC	247	25.13	24.98	24.72	25.17	0.00	0.00
GCC	248	25.16	24.84	24.91	25.09	0.00	0.00
GCC	249	25.31	24.79	24.69	25.21	0.00	0.00
GCC	250	25.17	24.84	24.72	25.27	0.00	0.00
GCC	251	25.14	24.96	24.77	25.13	0.00	0.00
GCC	252	25.28	24.73	24.71	25.28	0.00	0.00
GCC	253	25.13	24.89	24.74	25.24	0.00	0.00
GCC	254	25.21	24.92	24.68	25.18	0.00	0.00
GCC	255	25.11	24.83	24.68	25.38	0.00	0.00
GCC	256	25.21	25.00	24.63	25.16	0.00	0.00
GCC	257	25.21	24.78	24.77	25.25	0.00	0.00
GCC	258	25.25	24.78	24.64	25.32	0.00	0.00
GCC	259	25.17	24.80	24.67	25.35	0.00	0.00
GCC	260	25.17	24.78	24.75	25.31	0.00	0.00
GCC	261	25.25	24.71	24.61	25.43	0.00	0.00
GCC	262	25.25	24.80	24.65	25.29	0.00	0.00
GCC	263	25.29	24.71	24.63	25.37	0.00	0.00
GCC	264	25.36	24.73	24.59	25.32	0.00	0.00
GCC	265	25.31	24.69	24.67	25.33	0.00	0.00
GCC	266	25.32	24.78	24.64	25.26	0.00	0.00
GCC	267	25.37	24.58	24.63	25.41	0.00	0.00
GCC	268	25.31	24.69	24.64	25.36	0.00	0.00
GCC	269	25.29	24.82	24.53	25.36	0.00	0.00
GCC	270	25.56	24.54	24.61	25.29	0.00	0.00
GCC	271	25.39	24.73	24.60	25.28	0.00	0.00
GCC	272	25.39	24.75	24.56	25.30	0.00	0.00
GCC	273	25.32	24.67	24.73	25.28	0.00	0.00
GCC	274	25.31	24.83	24.63	25.23	0.00	0.00
GCC	275	25.40	24.75	24.57	25.28	0.00	0.00
GCC	276	25.43	24.69	24.61	25.26	0.00	0.00
GCC	277	25.27	24.72	24.58	25.43	0.00	0.00
GCC	278	25.26	24.65	24.68	25.42	0.00	0.00
GCC	279	25.41	24.65	24.43	25.52	0.00	0.00
GCC	280	25.39	24.70	24.43	25.48	0.00	0.00
GCC	281	25.29	24.75	24.58	25.39	0.00	0.00
GCC	282	25.39	24.56	24.52	25.52	0.00	0.00
GCC	283	25.40	24.58	24.58	25.44	0.00	0.00
GCC	284	25.49	24.61	24.51	25.39	0.00	0.00
GCC	285	25.45	24.63	24.38	25.54	0.00	0.00
GCC	286	25.39	24.73	24.54	25.33	0.00	0.00
GCC	287	25.43	24.71	24.45	25.41	0.00	0.00
GCC	288	25.50	24.59	24.32	25.60	0.00	0.00
GCC	289	25.49	24.47	24.52	25.52	0.00	0.00
GCC	290	25.32	24.83	24.44	25.40	0.00	0.00
GCC	291	25.55	24.47	24.35	25.63	0.00	0.00
GCC	292	25.40	24.66	24.50	25.45	0.00	0.00
GCC	293	25.53	24.51	24.41	25.56	0.00	0.00
GCC	294	25.38	24.66	24.49	25.46	0.00	0.00
GCC	295	25.65	24.58	24.38	25.38	0.00	0.00
GCC	296	25.42	24.56	24.38	25.64	0.00	0.00
GCC	297	25.49	24.69	24.39	25.43	0.00	0.00
GCC	298	25.55	24.53	24.48	25.45	0.00	0.00
GCC	299	24.92	24.98	24.84	25.25	0.00	0.00
GCC	300	24.76	25.31	24.42	25.52	0.00	0.00
GCC	301	12.80	34.69	28.45	24.06	0.00	0.00
# ACGT content per cycle, read oriented. Use `grep ^GCT | cut -f 2-` to extract this part. The columns are: cycle; A,C,G,T base counts as a percentage of all A/C/G/T bases [%]
GCT	1	18.36	31.06	33.51	17.07
GCT	2	25.24	25.64	25.29	23.83
GCT	3	24.56	27.30	20.97	27.17
GCT	4	26.76	25.29	24.89	23.07
GCT	5	27.16	23.78	26.33	22.73
GCT	6	29.11	23.20	25.61	22.08
GCT	7	26.85	22.69	23.12	27.34
GCT	8	26.21	25.17	23.69	24.93
GCT	9	23.08	25.28	24.33	27.31
GCT	10	26.96	23.73	24.37	24.94
GCT	11	23.98	26.46	27.36	22.20
GCT	12	23.32	27.88	25.32	23.48
GCT	13	24.67	25.38	26.14	23.81
GCT	14	24.27	26.05	25.08	24.60
GCT	15	25.30	25.82	24.63	24.25
GCT	16	24.66	25.68	25.43	24.24
GCT	17	24.76	25.12	25.56	24.56
GCT	18	24.78	25.23	25.26	24.72
GCT	19	24.66	25.68	24.99	24.68
GCT	20	25.11	25.28	25.10	24.51
GCT	21	24.61	25.23	26.02	24.13
GCT	22	25.08	25.27	25.54	24.11
GCT	23	24.97	25.25	25.64	24.14
GCT	24	25.21	25.63	24.78	24.37
GCT	25	25.13	25.02	24.92	24.93
GCT	26	25.04	25.73	24.98	24.25
GCT	27	24.70	25.53	25.43	24.34
GCT	28	25.75	24.85	25.02	24.39
GCT	29	24.51	25.01	26.13	24.35
GCT	30	24.57	24.91	24.82	25.70
GCT	31	24.47	25.49	25.52	24.52
GCT	32	25.01	25.05	25.02	24.92
GCT	33	25.13	25.55	24.84	24.48
GCT	34	24.44	24.94	26.16	24.45
GCT	35	24.95	25.04	25.60	24.42
GCT	36	24.55	25.54	25.44	24.47
GCT	37	25.05	24.94	24.94	25.06
GCT	38	25.09	24.97	24.94	25.00
GCT	39	24.63	24.86	24.85	25.66
GCT	40	25.06	25.46	24.98	24.50
GCT	41	24.48	25.55	25.57	24.40
GCT	42	25.10	24.81	24.91	25.19
GCT	43	24.51	24.93	25.51	25.04
GCT	44	24.46	25.53	24.97	25.04
GCT	45	25.19	24.88	24.82	25.11
GCT	46	24.43	25.45	25.67	24.45
GCT	47	25.00	25.03	25.58	24.39
GCT	48	24.55	24.92	24.83	25.70
GCT	49	25.02	25.44	25.02	24.52
GCT	50	24.48	24.94	24.94	25.64
GCT	51	24.62	25.46	25.42	24.49
GCT	52	24.46	25.47	25.58	24.49
GCT	53	24.49	25.60	25.55	24.36
GCT	54	24.53	24.91	25.41	25.15
GCT	55	24.44	24.95	25.52	25.08
GCT	56	24.42	25.60	25.62	24.36
GCT	57	24.54	24.98	24.85	25.62
GCT	58	24.47	25.48	24.95	25.09
GCT	59	24.37	25.57	25.63	24.43
GCT	60	24.53	25.48	24.87	25.11
GCT	61	24.47	25.46	25.51	24.56
GCT	62	24.51	25.52	25.50	24.47
GCT	63	24.61	24.86	24.85	25.68
GCT	64	25.04	24.90	25.00	25.06
GCT	65	24.46	25.03	25.55	24.96
GCT	66	25.15	25.51	24.87	24.47
GCT	67	25.60	24.93	24.95	24.52
GCT	68	24.99	25.02	25.05	24.94
GCT	69	25.13	24.94	24.92	25.02
GCT	70	25.58	24.93	24.97	24.52
GCT	71	25.59	25.00	24.98	24.43
GCT	72	25.76	24.83	24.82	24.59
GCT	73	25.61	24.89	24.94	24.55
GCT	74	25.60	24.99	24.92	24.49
GCT	75	25.72	24.88	24.84	24.56
GCT	76	25.44	25.00	25.02	24.55
GCT	77	25.25	25.13	25.10	24.52
GCT	78	25.35	25.05	24.98	24.63
GCT	79	25.20	25.01	25.11	24.68
GCT	80	24.90	25.34	25.17	24.59
GCT	81	25.00	25.20	25.08	24.73
GCT	82	24.82	25.12	25.21	24.84
GCT	83	24.78	25.27	25.30	24.64
GCT	84	24.83	25.17	25.14	24.85
GCT	85	24.71	25.23	25.24	24.83
GCT	86	24.78	25.24	25.30	24.67
GCT	87	24.87	25.24	25.09	24.80
GCT	88	24.77	25.17	25.22	24.83
GCT	89	24.71	25.29	25.33	24.68
GCT	90	24.81	25.18	25.12	24.89
GCT	91	24.69	25.27	25.33	24.71
GCT	92	24.61	25.35	25.43	24.61
GCT	93	24.79	25.16	25.17	24.88
GCT	94	24.76	25.19	25.24	24.82
GCT	95	24.82	25.22	25.24	24.73
GCT	96	24.83	25.18	25.11	24.88
GCT	97	24.73	25.16	25.31	24.80
GCT	98	24.77	25.31	25.30	24.63
GCT	99	24.84	25.20	25.16	24.80
GCT	100	24.76	25.20	25.31	24.73
GCT	101	24.76	25.29	25.30	24.65
GCT	102	24.82	25.20	25.20	24.77
GCT	103	24.72	25.17	25.28	24.84
GCT	104	24.69	25.30	25.29	24.72
GCT	105	24.83	25.23	25.12	24.81
GCT	106	24.75	25.09	25.37	24.79
GCT	107	24.75	25.20	25.25	24.80
GCT	108	24.87	25.20	25.12	24.81
GCT	109	24.79	25.14	25.21	24.86
GCT	110	24.72	25.28	25.35	24.65
GCT	111	24.79	25.22	25.17	24.82
GCT	112	24.65	25.21	25.30	24.84
GCT	113	24.64	25.29	25.34	24.73
GCT	114	24.83	25.16	25.17	24.84
GCT	115	24.75	25.23	25.24	24.78
GCT	116	24.75	25.27	25.27	24.71
GCT	117	24.75	25.21	25.19	24.86
GCT	118	24.73	25.23	25.23	24.80
GCT	119	24.77	25.25	25.26	24.72
GCT	120	24.87	25.16	25.08	24.89
GCT	121	24.71	25.23	25.26	24.79
GCT	122	24.68	25.32	25.25	24.75
GCT	123	24.74	25.30	25.11	24.85
GCT	124	24.70	25.17	25.27	24.87
GCT	125	24.71	25.23	25.31	24.75
GCT	126	24.82	25.18	25.13	24.87
GCT	127	24.74	25.21	25.25	24.80
GCT	128	24.77	25.26	25.29	24.69
GCT	129	24.81	25.24	25.13	24.82
GCT	130	24.71	25.18	25.28	24.83
GCT	131	24.79	25.22	25.30	24.69
GCT	132	24.89	25.20	25.14	24.77
GCT	133	24.76	25.23	25.27	24.74
GCT	134	24.69	25.27	25.28	24.75
GCT	135	24.87	25.22	25.15	24.76
GCT	136	24.71	25.20	25.22	24.87
GCT	137	24.78	25.24	25.31	24.67
GCT	138	24.90	25.16	25.10	24.84
GCT	139	24.69	25.19	25.28	24.84
GCT	140	24.72	25.25	25.29	24.74
GCT	141	24.86	25.16	25.07	24.91
GCT	142	24.72	25.15	25.26	24.88
GCT	143	24.68	25.23	25.27	24.82
GCT	144	24.89	25.13	25.13	24.85
GCT	145	24.75	25.20	25.22	24.83
GCT	146	24.68	25.28	25.36	24.67
GCT	147	24.88	25.20	25.15	24.77
GCT	148	24.73	25.22	25.26	24.79
GCT	149	24.74	25.22	25.29	24.74
GCT	150	24.91	25.18	25.11	24.79
GCT	151	24.77	25.17	25.26	24.81
GCT	152	24.74	25.29	25.28	24.69
GCT	153	24.83	25.18	25.13	24.86
GCT	154	24.69	25.18	25.25	24.88
GCT	155	24.73	25.21	25.32	24.75
GCT	156	24.93	25.17	25.04	24.86
GCT	157	24.79	25.12	25.24	24.85
GCT	158	24.69	25.28	25.27	24.77
GCT	159	24.82	25.15	25.11	24.91
GCT	160	24.81	25.15	25.20	24.85
GCT	161	24.77	25.24	25.20	24.78
GCT	162	24.90	25.16	25.05	24.90
GCT	163	24.78	25.20	25.16	24.87
GCT	164	24.77	25.25	25.16	24.82
GCT	165	24.88	25.15	25.08	24.89
GCT	166	24.70	25.29	25.13	24.89
GCT	167	24.81	25.19	25.26	24.74
GCT	168	25.08	24.96	25.03	24.93
GCT	169	24.80	25.13	25.25	24.81
GCT	170	24.78	25.24	25.26	24.72
GCT	171	24.89	25.19	25.01	24.91
GCT	172	24.72	25.17	25.19	24.91
GCT	173	24.76	25.26	25.22	24.76
GCT	174	24.87	25.15	25.12	24.85
GCT	175	24.68	25.14	25.26	24.93
GCT	176	24.69	25.29	25.18	24.84
GCT	177	24.92	25.10	25.02	24.96
GCT	178	24.83	25.14	25.18	24.86
GCT	179	24.81	25.23	25.20	24.76
GCT	180	24.81	25.25	25.02	24.91
GCT	181	24.78	25.12	25.19	24.92
GCT	182	24.82	25.17	25.19	24.82
GCT	183	24.95	25.21	24.94	24.90
GCT	184	24.74	25.20	25.17	24.88
GCT	185	24.72	25.22	25.17	24.89
GCT	186	24.87	25.20	25.00	24.93
GCT	187	24.79	25.05	25.20	24.95
GCT	188	24.84	25.17	25.19	24.79
GCT	189	25.05	25.11	24.96	24.88
GCT	190	24.79	25.19	25.08	24.93
GCT	191	24.87	25.28	25.10	24.75
GCT	192	24.97	25.04	25.03	24.96
GCT	193	24.83	25.17	25.12	24.87
GCT	194	24.80	25.20	25.12	24.87
GCT	195	24.92	25.09	25.06	24.93
GCT	196	24.97	25.10	25.11	24.83
GCT	197	24.87	25.17	25.07	24.90
GCT	198	24.97	25.09	24.97	24.97
GCT	199	24.96	25.27	24.94	24.83
GCT	200	24.80	25.18	25.09	24.93
GCT	201	24.94	25.06	24.99	25.02
GCT	202	24.82	25.12	25.08	24.98
GCT	203	24.86	25.12	25.12	24.89
GCT	204	24.93	25.02	24.97	25.08
GCT	205	24.80	25.07	25.12	25.01
GCT	206	24.81	25.17	25.10	24.92
GCT	207	24.97	25.10	24.94	24.99
GCT	208	24.93	25.06	25.02	25.00
GCT	209	24.88	25.19	24.98	24.95
GCT	210	24.96	25.06	24.95	25.03
GCT	211	24.85	25.14	25.05	24.96
GCT	212	24.90	25.14	25.03	24.94
GCT	213	24.89	25.05	24.95	25.10
GCT	214	24.85	25.06	25.10	24.98
GCT	215	24.85	25.15	25.12	24.88
GCT	216	24.97	25.07	24.91	25.05
GCT	217	24.82	25.06	24.98	25.14
GCT	218	24.81	25.18	25.08	24.93
GCT	219	24.96	25.07	24.97	25.00
GCT	220	24.85	25.08	25.03	25.04
GCT	221	24.94	25.08	25.00	24.97
GCT	222	24.96	25.04	24.84	25.16
GCT	223	24.96	24.99	24.98	25.07
GCT	224	24.88	25.13	24.98	25.01
GCT	225	24.91	25.14	24.86	25.09
GCT	226	24.92	25.10	24.88	25.09
GCT	227	24.98	25.11	24.95	24.97
GCT	228	25.06	25.09	24.74	25.10
GCT	229	25.04	24.93	24.97	25.06
GCT	230	24.99	25.01	24.97	25.02
GCT	231	24.99	25.00	24.79	25.22
GCT	232	24.91	24.97	24.96	25.16
GCT	233	24.98	25.07	24.84	25.11
GCT	234	25.12	24.97	24.74	25.17
GCT	235	25.02	24.94	24.93	25.12
GCT	236	25.00	25.08	24.84	25.08
GCT	237	25.03	24.98	24.73	25.26
GCT	238	25.04	24.91	24.92	25.14
GCT	239	24.99	24.91	24.81	25.30
GCT	240	25.01	25.05	24.68	25.27
GCT	241	25.01	25.04	24.77	25.18
GCT	242	25.03	25.00	24.77	25.21
GCT	243	25.09	24.91	24.75	25.25
GCT	244	25.10	24.99	24.77	25.14
GCT	245	25.08	25.03	24.74	25.15
GCT	246	25.14	24.89	24.70	25.28
GCT	247	24.97	24.94	24.75	25.34
GCT	248	25.03	24.92	24.83	25.22
GCT	249	25.26	24.83	24.65	25.26
GCT	250	25.15	24.94	24.62	25.28
GCT	251	25.15	24.97	24.76	25.12
GCT	252	25.24	24.86	24.57	25.33
GCT	253	25.02	24.85	24.79	25.35
GCT	254	25.11	24.98	24.63	25.29
GCT	255	25.02	24.86	24.65	25.47
GCT	256	25.12	24.96	24.68	25.25
GCT	257	25.20	24.77	24.78	25.26
GCT	258	25.21	24.89	24.54	25.37
GCT	259	25.20	24.90	24.57	25.33
GCT	260	25.20	24.87	24.66	25.28
GCT	261	25.23	24.80	24.52	25.46
GCT	262	25.20	24.90	24.56	25.34
GCT	263	25.29	24.80	24.54	25.37
GCT	264	25.38	24.79	24.52	25.30
GCT	265	25.31	24.78	24.58	25.33
GCT	266	25.25	24.80	24.62	25.33
GCT	267	25.37	24.73	24.49	25.41
GCT	268	25.30	24.78	24.55	25.36
GCT	269	25.39	24.89	24.45	25.27
GCT	270	25.34	24.79	24.35	25.52
GCT	271	25.33	24.79	24.54	25.34
GCT	272	25.29	24.89	24.42	25.39
GCT	273	25.31	24.76	24.64	25.29
GCT	274	25.21	24.93	24.53	25.33
GCT	275	25.18	24.72	24.60	25.50
GCT	276	25.42	24.81	24.49	25.27
GCT	277	25.17	24.80	24.50	25.54
GCT	278	25.20	24.71	24.62	25.47
GCT	279	25.46	24.67	24.41	25.46
GCT	280	25.24	24.79	24.34	25.63
GCT	281	25.31	24.75	24.57	25.37
GCT	282	25.37	24.82	24.27	25.55
GCT	283	25.39	24.67	24.49	25.45
GCT	284	25.35	24.66	24.46	25.53
GCT	285	25.35	24.69	24.32	25.64
GCT	286	25.19	24.74	24.54	25.54
GCT	287	25.35	24.83	24.33	25.49
GCT	288	25.42	24.58	24.33	25.68
GCT	289	25.41	24.63	24.36	25.60
GCT	290	25.34	24.80	24.47	25.39
GCT	291	25.51	24.65	24.18	25.67
GCT	292	25.32	24.57	24.58	25.52
GCT	293	25.44	24.62	24.29	25.64
GCT	294	25.21	24.70	24.45	25.63
GCT	295	25.46	24.72	24.25	25.57
GCT	296	25.47	24.64	24.30	25.59
GCT	297	25.31	24.88	24.20	25.61
GCT	298	25.48	24.76	24.24	25.52
GCT	299	24.25	25.10	24.72	25.93
GCT	300	23.32	26.05	23.67	26.95
GCT	301	0.00	44.67	18.47	36.86
# ACGT content per cycle for first fragments. Use `grep ^FBC | cut -f 2-` to extract this part. The columns are: cycle; A,C,G,T base counts as a percentage of all A/C/G/T bases [%]; and N and O counts as a percentage of all A/C/G/T bases [%]
FBC	1	17.94	31.49	32.95	17.62	0.00	0.00
FBC	2	25.12	25.56	25.36	23.96	0.00	0.00
FBC	3	25.03	24.94	23.36	26.67	0.00	0.00
FBC	4	25.40	25.57	24.51	24.51	0.00	0.00
FBC	5	25.47	24.26	25.81	24.46	0.00	0.00
FBC	6	26.55	23.59	25.14	24.72	0.00	0.00
FBC	7	27.55	22.84	22.86	26.74	0.00	0.00
FBC	8	26.21	24.62	24.20	24.98	0.00	0.00
FBC	9	24.72	24.52	25.08	25.68	0.00	0.00
FBC	10	26.71	23.98	24.08	25.23	0.00	0.00
FBC	11	23.27	26.42	27.43	22.88	0.00	0.00
FBC	12	23.38	27.33	25.80	23.49	0.00	0.00
FBC	13	25.17	25.56	25.41	23.86	0.00	0.00
FBC	14	24.20	26.56	25.19	24.05	0.00	0.00
FBC	15	25.72	25.11	24.76	24.41	0.00	0.00
FBC	16	24.58	26.19	24.96	24.28	0.00	0.00
FBC	17	24.50	25.09	26.14	24.26	0.00	0.00
FBC	18	24.51	25.08	24.83	25.58	0.00	0.00
FBC	19	24.38	26.30	25.00	24.32	0.00	0.00
FBC	20	24.22	25.29	25.16	25.33	0.00	0.00
FBC	21	24.48	25.09	26.14	24.30	0.00	0.00
FBC	22	25.66	25.16	25.07	24.11	0.00	0.00
FBC	23	25.48	25.23	25.04	24.25	0.00	0.00
FBC	24	24.47	26.18	24.83	24.51	0.00	0.00
FBC	25	24.39	25.13	24.88	25.61	0.00	0.00
FBC	26	24.34	26.44	24.91	24.31	0.00	0.00
FBC	27	24.59	26.17	24.80	24.45	0.00	0.00
FBC	28	25.76	24.96	24.90	24.38	0.00	0.00
FBC	29	24.45	25.06	26.10	24.40	0.00	0.00
FBC	30	24.60	24.92	24.81	25.67	0.00	0.00
FBC	31	24.50	26.19	24.83	24.49	0.00	0.00
FBC	32	25.53	25.10	25.05	24.33	0.00	0.00
FBC	33	24.49	26.17	24.79	24.55	0.00	0.00
FBC	34	24.41	25.00	26.09	24.50	0.00	0.00
FBC	35	25.59	25.13	24.91	24.38	0.00	0.00
FBC	36	24.55	24.92	26.06	24.47	0.00	0.00
FBC	37	25.65	24.94	24.90	24.51	0.00	0.00
FBC	38	24.44	24.92	24.98	25.66	0.00	0.00
FBC	39	24.56	24.87	24.86	25.71	0.00	0.00
FBC	40	24.58	26.10	24.87	24.45	0.00	0.00
FBC	41	24.44	26.17	24.95	24.44	0.00	0.00
FBC	42	25.71	24.93	24.80	24.57	0.00	0.00
FBC	43	24.52	25.07	24.86	25.56	0.00	0.00
FBC	44	24.41	26.12	24.93	24.54	0.00	0.00
FBC	45	24.57	24.92	24.79	25.72	0.00	0.00
FBC	46	24.42	26.16	24.98	24.44	0.00	0.00
FBC	47	24.35	25.06	26.15	24.44	0.00	0.00
FBC	48	24.62	24.96	24.77	25.66	0.00	0.00
FBC	49	25.61	24.91	24.96	24.52	0.00	0.00
FBC	50	24.51	24.95	24.93	25.61	0.00	0.00
FBC	51	24.61	24.95	25.94	24.50	0.00	0.00
FBC	52	24.50	26.18	24.88	24.43	0.00	0.00
FBC	53	24.41	26.26	24.99	24.34	0.00	0.00
FBC	54	24.56	24.87	26.00	24.58	0.00	0.00
FBC	55	24.47	24.97	24.88	25.69	0.00	0.00
FBC	56	24.43	26.25	24.95	24.37	0.00	0.00
FBC	57	24.55	24.97	24.84	25.64	0.00	0.00
FBC	58	24.48	25.07	24.81	25.64	0.00	0.00
FBC	59	24.36	26.18	25.03	24.43	0.00	0.00
FBC	60	24.57	24.89	24.89	25.64	0.00	0.00
FBC	61	24.47	24.96	26.05	24.52	0.00	0.00
FBC	62	24.42	26.23	24.84	24.51	0.00	0.00
FBC	63	24.56	24.80	24.87	25.77	0.00	0.00
FBC	64	24.43	24.99	24.90	25.68	0.00	0.00
FBC	65	24.43	24.99	26.16	24.42	0.00	0.00
FBC	66	25.71	24.97	24.86	24.47	0.00	0.00
FBC	67	25.66	24.94	24.89	24.51	0.00	0.00
FBC	68	25.50	25.12	24.97	24.40	0.00	0.00
FBC	69	25.61	25.03	24.82	24.54	0.00	0.00
FBC	70	25.61	24.97	24.92	24.50	0.00	0.00
FBC	71	25.63	25.02	24.98	24.37	0.00	0.00
FBC	72	25.78	24.87	24.73	24.62	0.00	0.00
FBC	73	25.68	24.94	24.89	24.48	0.00	0.00
FBC	74	25.65	25.11	24.83	24.42	0.00	0.00
FBC	75	25.69	24.93	24.83	24.56	0.00	0.00
FBC	76	25.35	25.15	24.97	24.53	0.00	0.00
FBC	77	24.97	25.23	25.20	24.60	0.00	0.00
FBC	78	25.06	25.16	25.05	24.73	0.00	0.00
FBC	79	24.86	25.25	25.10	24.78	0.00	0.00
FBC	80	24.68	25.42	25.24	24.67	0.00	0.00
FBC	81	24.80	25.29	25.11	24.79	0.00	0.00
FBC	82	24.84	25.26	25.10	24.80	0.00	0.00
FBC	83	24.78	25.24	25.33	24.65	0.00	0.00
FBC	84	24.80	25.15	25.21	24.84	0.00	0.00
FBC	85	24.75	25.35	25.12	24.77	0.00	0.00
FBC	86	24.74	25.31	25.23	24.71	0.00	0.00
FBC	87	24.97	25.22	25.08	24.73	0.00	0.00
FBC	88	24.76	25.26	25.11	24.88	0.00	0.00
FBC	89	24.76	25.39	25.22	24.64	0.00	0.00
FBC	90	24.87	25.19	25.12	24.82	0.00	0.00
FBC	91	24.69	25.37	25.24	24.69	0.00	0.00
FBC	92	24.63	25.46	25.38	24.54	0.00	0.00
FBC	93	24.83	25.17	25.14	24.86	0.00	0.00
FBC	94	24.77	25.31	25.16	24.76	0.00	0.00
FBC	95	24.81	25.30	25.19	24.70	0.00	0.00
FBC	96	24.87	25.15	25.15	24.83	0.00	0.00
FBC	97	24.82	25.27	25.22	24.69	0.00	0.00
FBC	98	24.76	25.31	25.30	24.64	0.00	0.00
FBC	99	24.80	25.25	25.14	24.81	0.00	0.00
FBC	100	24.72	25.23	25.27	24.78	0.00	0.00
FBC	101	24.70	25.35	25.31	24.65	0.00	0.00
FBC	102	24.80	25.29	25.10	24.81	0.00	0.00
FBC	103	24.75	25.32	25.18	24.75	0.00	0.00
FBC	104	24.70	25.34	25.27	24.69	0.00	0.00
FBC	105	24.86	25.24	25.08	24.82	0.00	0.00
FBC	106	24.84	25.24	25.25	24.67	0.00	0.00
FBC	107	24.84	25.31	25.14	24.71	0.00	0.00
FBC	108	24.83	25.25	25.11	24.81	0.00	0.00
FBC	109	24.77	25.20	25.15	24.88	0.00	0.00
FBC	110	24.71	25.36	25.34	24.59	0.00	0.00
FBC	111	24.77	25.24	25.14	24.85	0.00	0.00
FBC	112	24.70	25.33	25.23	24.74	0.00	0.00
FBC	113	24.72	25.33	25.26	24.68	0.00	0.00
FBC	114	24.96	25.20	25.12	24.72	0.00	0.00
FBC	115	24.81	25.23	25.17	24.80	0.00	0.00
FBC	116	24.68	25.29	25.31	24.72	0.00	0.00
FBC	117	24.80	25.27	25.16	24.77	0.00	0.00
FBC	118	24.69	25.35	25.13	24.83	0.00	0.00
FBC	119	24.78	25.33	25.20	24.68	0.00	0.00
FBC	120	24.85	25.11	25.13	24.90	0.00	0.00
FBC	121	24.76	25.29	25.17	24.78	0.00	0.00
FBC	122	24.66	25.41	25.25	24.67	0.00	0.00
FBC	123	24.77	25.23	25.23	24.77	0.00	0.00
FBC	124	24.78	25.33	25.12	24.78	0.00	0.00
FBC	125	24.73	25.43	25.16	24.68	0.00	0.00
FBC	126	24.87	25.23	25.17	24.73	0.00	0.00
FBC	127	24.70	25.26	25.21	24.83	0.00	0.00
FBC	128	24.76	25.32	25.18	24.74	0.00	0.00
FBC	129	24.82	25.20	25.16	24.82	0.00	0.00
FBC	130	24.85	25.23	25.21	24.70	0.00	0.00
FBC	131	24.75	25.32	25.22	24.71	0.00	0.00
FBC	132	24.86	25.27	25.07	24.80	0.00	0.00
FBC	133	24.76	25.31	25.27	24.67	0.00	0.00
FBC	134	24.77	25.38	25.23	24.61	0.00	0.00
FBC	135	24.84	25.23	25.16	24.77	0.00	0.00
FBC	136	24.83	25.28	25.17	24.73	0.00	0.00
FBC	137	24.79	25.27	25.23	24.71	0.00	0.00
FBC	138	24.97	25.13	25.08	24.82	0.00	0.00
FBC	139	24.77	25.22	25.23	24.78	0.00	0.00
FBC	140	24.76	25.32	25.18	24.74	0.00	0.00
FBC	141	24.93	25.16	25.07	24.84	0.00	0.00
FBC	142	24.77	25.24	25.22	24.76	0.00	0.00
FBC	143	24.74	25.34	25.22	24.70	0.00	0.00
FBC	144	24.86	25.18	25.08	24.88	0.00	0.00
FBC	145	24.67	25.30	25.20	24.82	0.00	0.00
FBC	146	24.66	25.49	25.19	24.67	0.00	0.00
FBC	147	24.89	25.27	25.07	24.77	0.00	0.00
FBC	148	24.75	25.26	25.24	24.74	0.00	0.00
FBC	149	24.75	25.28	25.27	24.70	0.00	0.00
FBC	150	24.87	25.22	25.12	24.80	0.00	0.00
FBC	151	24.75	25.31	25.17	24.77	0.00	0.00
FBC	152	24.75	25.33	25.24	24.68	0.00	0.00
FBC	153	24.81	25.23	25.14	24.82	0.00	0.00
FBC	154	24.68	25.26	25.13	24.94	0.00	0.00
FBC	155	24.77	25.29	25.21	24.72	0.00	0.00
FBC	156	24.92	25.20	24.98	24.90	0.00	0.00
FBC	157	24.78	25.26	25.08	24.87	0.00	0.00
FBC	158	24.70	25.35	25.21	24.74	0.00	0.00
FBC	159	24.89	25.19	25.07	24.86	0.00	0.00
FBC	160	24.81	25.27	25.12	24.80	0.00	0.00
FBC	161	24.75	25.23	25.24	24.77	0.00	0.00
FBC	162	24.87	25.14	25.07	24.92	0.00	0.00
FBC	163	24.78	25.27	25.19	24.76	0.00	0.00
FBC	164	24.84	25.32	25.15	24.70	0.00	0.00
FBC	165	24.96	25.10	25.10	24.83	0.00	0.00
FBC	166	24.75	25.27	25.20	24.78	0.00	0.00
FBC	167	24.77	25.31	25.20	24.71	0.00	0.00
FBC	168	25.22	24.85	24.93	25.01	0.00	0.00
FBC	169	24.85	25.16	25.13	24.86	0.00	0.00
FBC	170	24.67	25.33	25.21	24.80	0.00	0.00
FBC	171	24.80	25.23	25.10	24.87	0.00	0.00
FBC	172	24.84	25.24	25.16	24.76	0.00	0.00
FBC	173	24.65	25.32	25.30	24.73	0.00	0.00
FBC	174	24.93	25.25	25.04	24.78	0.00	0.00
FBC	175	24.74	25.24	25.20	24.82	0.00	0.00
FBC	176	24.67	25.28	25.23	24.83	0.00	0.00
FBC	177	24.92	25.07	25.09	24.91	0.00	0.00
FBC	178	24.67	25.23	25.19	24.91	0.00	0.00
FBC	179	24.67	25.24	25.33	24.76	0.00	0.00
FBC	180	24.80	25.32	25.09	24.80	0.00	0.00
FBC	181	24.84	25.21	25.13	24.82	0.00	0.00
FBC	182	24.80	25.25	25.16	24.79	0.00	0.00
FBC	183	24.93	25.24	25.01	24.83	0.00	0.00
FBC	184	24.79	25.29	25.10	24.83	0.00	0.00
FBC	185	24.73	25.32	25.21	24.75	0.00	0.00
FBC	186	24.83	25.27	24.98	24.92	0.00	0.00
FBC	187	24.78	25.17	25.18	24.87	0.00	0.00
FBC	188	24.79	25.24	25.17	24.80	0.00	0.00
FBC	189	24.96	25.08	25.05	24.92	0.00	0.00
FBC	190	24.81	25.20	25.17	24.81	0.00	0.00
FBC	191	24.80	25.35	25.11	24.73	0.00	0.00
FBC	192	24.94	25.14	25.03	24.89	0.00	0.00
FBC	193	24.75	25.23	25.17	24.86	0.00	0.00
FBC	194	24.79	25.26	25.11	24.84	0.00	0.00
FBC	195	24.92	25.13	25.13	24.82	0.00	0.00
FBC	196	24.95	25.17	25.08	24.80	0.00	0.00
FBC	197	24.87	25.22	25.11	24.81	0.00	0.00
FBC	198	24.88	25.13	25.00	24.99	0.00	0.00
FBC	199	24.86	25.33	25.01	24.80	0.00	0.00
FBC	200	24.88	25.25	25.14	24.73	0.00	0.00
FBC	201	25.01	25.16	24.87	24.96	0.00	0.00
FBC	202	24.92	25.21	25.08	24.79	0.00	0.00
FBC	203	24.85	25.22	25.09	24.83	0.00	0.00
FBC	204	24.98	25.10	25.03	24.90	0.00	0.00
FBC	205	24.94	25.10	25.18	24.79	0.00	0.00
FBC	206	24.73	25.23	25.20	24.84	0.00	0.00
FBC	207	24.98	25.11	25.00	24.91	0.00	0.00
FBC	208	24.90	25.12	25.09	24.89	0.00	0.00
FBC	209	24.89	25.34	25.07	24.69	0.00	0.00
FBC	210	24.98	25.09	24.99	24.93	0.00	0.00
FBC	211	24.90	25.26	25.03	24.81	0.00	0.00
FBC	212	24.84	25.17	25.19	24.81	0.00	0.00
FBC	213	24.97	25.13	24.98	24.92	0.00	0.00
FBC	214	24.72	25.22	25.14	24.92	0.00	0.00
FBC	215	24.74	25.16	25.30	24.80	0.00	0.00
FBC	216	24.89	25.24	24.99	24.88	0.00	0.00
FBC	217	24.86	25.20	25.09	24.85	0.00	0.00
FBC	218	24.80	25.31	25.22	24.67	0.00	0.00
FBC	219	24.96	25.16	25.16	24.72	0.00	0.00
FBC	220	24.70	25.25	25.15	24.89	0.00	0.00
FBC	221	24.88	25.29	25.03	24.80	0.00	0.00
FBC	222	24.87	25.09	25.07	24.98	0.00	0.00
FBC	223	24.83	25.18	25.07	24.92	0.00	0.00
FBC	224	24.68	25.33	25.15	24.84	0.00	0.00
FBC	225	24.92	25.15	25.10	24.83	0.00	0.00
FBC	226	24.87	25.29	25.00	24.84	0.00	0.00
FBC	227	24.76	25.24	25.14	24.86	0.00	0.00
FBC	228	24.92	25.23	24.93	24.92	0.00	0.00
FBC	229	24.93	25.22	25.06	24.79	0.00	0.00
FBC	230	24.75	25.27	25.12	24.86	0.00	0.00
FBC	231	24.80	25.10	25.07	25.03	0.00	0.00
FBC	232	24.73	25.17	25.15	24.95	0.00	0.00
FBC	233	24.78	25.18	25.11	24.93	0.00	0.00
FBC	234	24.95	25.17	24.97	24.91	0.00	0.00
FBC	235	24.86	25.19	25.05	24.89	0.00	0.00
FBC	236	24.87	25.12	25.22	24.78	0.00	0.00
FBC	237	24.96	25.15	24.93	24.97	0.00	0.00
FBC	238	24.87	25.07	25.03	25.02	0.00	0.00
FBC	239	24.82	25.08	24.99	25.10	0.00	0.00
FBC	240	24.94	25.14	24.99	24.94	0.00	0.00
FBC	241	24.83	25.19	25.13	24.85	0.00	0.00
FBC	242	24.83	25.28	25.05	24.84	0.00	0.00
FBC	243	24.91	25.18	24.97	24.94	0.00	0.00
FBC	244	24.93	25.17	25.10	24.80	0.00	0.00
FBC	245	24.96	25.28	24.95	24.80	0.00	0.00
FBC	246	24.98	25.01	25.06	24.95	0.00	0.00
FBC	247	24.86	25.22	25.04	24.88	0.00	0.00
FBC	248	24.82	25.12	25.30	24.76	0.00	0.00
FBC	249	25.00	25.06	24.98	24.96	0.00	0.00
FBC	250	24.89	25.14	25.06	24.91	0.00	0.00
FBC	251	24.80	25.27	25.16	24.78	0.00	0.00
FBC	252	24.97	24.96	25.04	25.02	0.00	0.00
FBC	253	24.84	25.14	25.08	24.94	0.00	0.00
FBC	254	24.89	25.27	24.96	24.88	0.00	0.00
FBC	255	24.83	25.14	25.01	25.01	0.00	0.00
FBC	256	24.91	25.34	24.94	24.81	0.00	0.00
FBC	257	24.90	25.13	25.09	24.89	0.00	0.00
FBC	258	24.96	25.06	24.96	25.02	0.00	0.00
FBC	259	24.92	25.07	25.05	24.97	0.00	0.00
FBC	260	24.85	25.11	25.06	24.98	0.00	0.00
FBC	261	24.87	25.07	25.06	25.00	0.00	0.00
FBC	262	24.90	25.14	25.04	24.92	0.00	0.00
FBC	263	24.92	25.08	24.99	25.01	0.00	0.00
FBC	264	25.01	25.03	25.01	24.95	0.00	0.00
FBC	265	25.03	25.01	25.00	24.97	0.00	0.00
FBC	266	24.97	25.13	25.03	24.87	0.00	0.00
FBC	267	25.00	24.97	24.97	25.06	0.00	0.00
FBC	268	24.94	25.08	25.06	24.92	0.00	0.00
FBC	269	24.88	25.19	24.95	24.98	0.00	0.00
FBC	270	25.21	24.93	24.97	24.89	0.00	0.00
FBC	271	25.02	25.03	25.01	24.95	0.00	0.00
FBC	272	25.04	25.05	24.96	24.96	0.00	0.00
FBC	273	24.90	25.04	25.10	24.95	0.00	0.00
FBC	274	24.85	25.19	25.02	24.93	0.00	0.00
FBC	275	25.04	25.08	25.01	24.87	0.00	0.00
FBC	276	25.03	25.12	24.98	24.87	0.00	0.00
FBC	277	24.97	25.08	24.95	25.00	0.00	0.00
FBC	278	24.95	24.96	25.10	24.98	0.00	0.00
FBC	279	25.05	25.05	24.83	25.07	0.00	0.00
FBC	280	24.98	25.08	24.91	25.04	0.00	0.00
FBC	281	24.93	25.10	24.99	24.97	0.00	0.00
FBC	282	25.01	24.90	24.94	25.15	0.00	0.00
FBC	283	25.02	24.93	25.01	25.04	0.00	0.00
FBC	284	25.15	24.94	24.89	25.03	0.00	0.00
FBC	285	25.10	25.07	24.73	25.10	0.00	0.00
FBC	286	25.01	25.09	24.93	24.97	0.00	0.00
FBC	287	25.07	25.07	24.87	24.99	0.00	0.00
FBC	288	25.20	24.90	24.74	25.16	0.00	0.00
FBC	289	25.11	24.84	24.89	25.16	0.00	0.00
FBC	290	24.97	25.19	24.83	25.01	0.00	0.00
FBC	291	25.24	24.81	24.75	25.20	0.00	0.00
FBC	292	25.13	25.01	24.88	24.98	0.00	0.00
FBC	293	25.21	24.87	24.76	25.16	0.00	0.00
FBC	294	25.03	25.00	24.91	25.06	0.00	0.00
FBC	295	25.30	24.88	24.77	25.05	0.00	0.00
FBC	296	25.05	24.89	24.77	25.28	0.00	0.00
FBC	297	25.13	25.04	24.74	25.09	0.00	0.00
FBC	298	25.11	24.91	24.84	25.14	0.00	0.00
FBC	299	24.67	25.29	25.16	24.88	0.00	0.00
FBC	300	24.26	25.70	24.98	25.07	0.00	0.00
FBC	301	12.47	35.48	29.89	22.16	0.00	0.00
# ACGT raw counters for first fragments. Use `grep ^FTC | cut -f 2-` to extract this part. The columns are: A,C,G,T,N base counters
FTC	49545990	50441595	50176336	49391990	34
# ACGT content per cycle for last fragments. Use `grep ^LBC | cut -f 2-` to extract this part. The columns are: cycle; A,C,G,T base counts as a percentage of all A/C/G/T bases [%]; and N and O counts as a percentage of all A/C/G/T bases [%]
LBC	1	17.83	31.78	32.92	17.47	0.00	0.00
LBC	2	25.16	25.57	25.37	23.91	0.00	0.00
LBC	3	25.11	24.86	23.37	26.66	0.00	0.00
LBC	4	25.35	25.68	24.60	24.37	0.00	0.00
LBC	5	25.39	24.34	25.81	24.46	0.01	0.00
LBC	6	26.44	23.66	25.22	24.68	0.00	0.00
LBC	7	27.48	22.92	23.00	26.60	0.00	0.00
LBC	8	26.14	24.63	24.28	24.94	0.00	0.00
LBC	9	24.75	24.46	25.15	25.63	0.00	0.00
LBC	10	26.70	24.04	24.10	25.16	0.00	0.00
LBC	11	23.34	26.40	27.39	22.87	0.00	0.00
LBC	12	23.37	27.40	25.87	23.37	0.00	0.00
LBC	13	23.98	25.44	26.62	23.95	0.00	0.00
LBC	14	24.20	25.32	25.18	25.30	0.00	0.00
LBC	15	24.51	26.15	24.87	24.47	0.00	0.00
LBC	16	24.52	24.98	26.09	24.41	0.00	0.00
LBC	17	24.45	25.04	25.07	25.43	0.00	0.00
LBC	18	24.53	25.02	26.07	24.39	0.00	0.00
LBC	19	24.49	25.09	24.94	25.48	0.00	0.00
LBC	20	25.49	25.16	25.15	24.20	0.00	0.00
LBC	21	24.43	25.11	26.17	24.29	0.00	0.00
LBC	22	24.38	25.12	26.27	24.23	0.00	0.00
LBC	23	24.29	25.20	26.31	24.19	0.00	0.00
LBC	24	25.74	24.94	24.88	24.44	0.00	0.00
LBC	25	25.78	24.96	24.92	24.34	0.00	0.00
LBC	26	25.65	25.07	25.00	24.28	0.00	0.00
LBC	27	24.58	24.93	26.03	24.46	0.00	0.00
LBC	28	25.74	25.00	24.88	24.38	0.00	0.00
LBC	29	24.44	25.03	26.10	24.43	0.00	0.00
LBC	30	24.54	24.83	24.91	25.72	0.00	0.00
LBC	31	24.51	24.93	26.07	24.48	0.00	0.00
LBC	32	24.46	25.02	24.98	25.54	0.00	0.00
LBC	33	25.67	24.95	24.87	24.51	0.00	0.00
LBC	34	24.51	24.96	26.16	24.37	0.00	0.00
LBC	35	24.39	25.01	26.23	24.37	0.00	0.00
LBC	36	24.53	26.14	24.83	24.50	0.00	0.00
LBC	37	24.46	25.01	24.91	25.62	0.00	0.00
LBC	38	25.66	24.95	24.97	24.42	0.00	0.00
LBC	39	24.58	24.88	24.80	25.74	0.00	0.00
LBC	40	25.64	24.91	24.99	24.46	0.00	0.00
LBC	41	24.41	25.00	26.13	24.45	0.00	0.00
LBC	42	24.45	24.80	24.90	25.85	0.00	0.00
LBC	43	24.46	24.94	26.03	24.57	0.00	0.00
LBC	44	24.44	25.02	24.92	25.62	0.00	0.00
LBC	45	25.80	24.89	24.80	24.50	0.00	0.00
LBC	46	24.46	24.98	26.13	24.43	0.00	0.00
LBC	47	25.56	25.01	24.99	24.44	0.00	0.00
LBC	48	24.56	24.94	24.84	25.66	0.00	0.00
LBC	49	24.54	26.14	24.91	24.40	0.00	0.00
LBC	50	24.49	24.96	24.92	25.63	0.00	0.00
LBC	51	24.65	26.08	24.81	24.47	0.00	0.00
LBC	52	24.44	24.94	26.09	24.53	0.00	0.00
LBC	53	24.48	24.97	26.09	24.46	0.00	0.00
LBC	54	24.51	24.88	24.89	25.72	0.00	0.00
LBC	55	24.48	24.98	26.13	24.41	0.00	0.00
LBC	56	24.36	25.10	26.14	24.40	0.00	0.00
LBC	57	24.51	24.93	24.93	25.63	0.00	0.00
LBC	58	24.57	26.06	24.94	24.44	0.00	0.00
LBC	59	24.39	25.01	26.17	24.43	0.00	0.00
LBC	60	24.54	26.02	24.90	24.53	0.00	0.00
LBC	61	24.55	26.04	24.89	24.52	0.00	0.00
LBC	62	24.52	24.93	26.05	24.50	0.00	0.00
LBC	63	24.62	24.92	24.83	25.63	0.00	0.00
LBC	64	25.67	25.02	24.89	24.41	0.00	0.00
LBC	65	24.51	25.05	24.96	25.48	0.00	0.00
LBC	66	24.56	25.98	24.95	24.50	0.00	0.00
LBC	67	25.59	25.07	24.87	24.48	0.01	0.00
LBC	68	24.46	25.08	24.97	25.49	0.00	0.00
LBC	69	24.51	25.03	24.83	25.63	0.00	0.00
LBC	70	25.56	24.96	24.95	24.53	0.00	0.00
LBC	71	25.59	25.04	24.91	24.46	0.00	0.00
LBC	72	25.70	24.92	24.78	24.60	0.00	0.00
LBC	73	25.62	24.95	24.88	24.54	0.00	0.00
LBC	74	25.63	24.92	24.96	24.48	0.00	0.00
LBC	75	25.82	24.89	24.81	24.49	0.00	0.00
LBC	76	25.66	25.00	24.91	24.44	0.00	0.00
LBC	77	25.50	24.99	25.05	24.46	0.00	0.00
LBC	78	25.60	24.96	24.87	24.57	0.00	0.00
LBC	79	25.57	25.00	24.87	24.56	0.00	0.00
LBC	80	25.25	25.25	25.11	24.39	0.00	0.00
LBC	81	25.13	25.16	24.98	24.73	0.00	0.00
LBC	82	25.02	25.19	25.11	24.68	0.00	0.00
LBC	83	24.80	25.32	25.26	24.62	0.00	0.00
LBC	84	24.87	25.21	25.05	24.86	0.00	0.00
LBC	85	24.76	25.29	25.16	24.79	0.00	0.00
LBC	86	24.78	25.26	25.29	24.67	0.00	0.00
LBC	87	24.85	25.24	25.12	24.79	0.00	0.00
LBC	88	24.82	25.28	25.14	24.76	0.00	0.00
LBC	89	24.69	25.33	25.30	24.67	0.00	0.00
LBC	90	24.84	25.18	25.11	24.88	0.00	0.00
LBC	91	24.73	25.26	25.34	24.68	0.00	0.00
LBC	92	24.65	25.32	25.40	24.63	0.00	0.00
LBC	93	24.81	25.28	25.07	24.84	0.00	0.00
LBC	94	24.87	25.22	25.17	24.74	0.00	0.00
LBC	95	24.84	25.23	25.20	24.73	0.00	0.00
LBC	96	24.80	25.22	25.07	24.92	0.00	0.00
LBC	97	24.74	25.23	25.22	24.81	0.00	0.00
LBC	98	24.69	25.41	25.19	24.71	0.00	0.00
LBC	99	24.81	25.20	25.13	24.85	0.00	0.00
LBC	100	24.76	25.29	25.23	24.72	0.00	0.00
LBC	101	24.76	25.30	25.23	24.71	0.00	0.00
LBC	102	24.82	25.25	25.16	24.76	0.00	0.00
LBC	103	24.82	25.23	25.15	24.79	0.00	0.00
LBC	104	24.72	25.32	25.24	24.71	0.00	0.00
LBC	105	24.81	25.22	25.17	24.81	0.00	0.00
LBC	106	24.81	25.24	25.20	24.75	0.00	0.00
LBC	107	24.75	25.20	25.26	24.79	0.00	0.00
LBC	108	24.92	25.17	25.12	24.79	0.00	0.00
LBC	109	24.88	25.17	25.18	24.77	0.00	0.00
LBC	110	24.78	25.37	25.19	24.66	0.00	0.00
LBC	111	24.80	25.24	25.15	24.81	0.00	0.00
LBC	112	24.82	25.21	25.25	24.72	0.00	0.00
LBC	113	24.65	25.32	25.34	24.68	0.00	0.00
LBC	114	24.86	25.26	25.08	24.80	0.00	0.00
LBC	115	24.77	25.30	25.24	24.69	0.00	0.00
LBC	116	24.80	25.33	25.15	24.72	0.00	0.00
LBC	117	24.86	25.25	25.11	24.78	0.00	0.00
LBC	118	24.76	25.29	25.15	24.80	0.00	0.00
LBC	119	24.81	25.33	25.16	24.70	0.00	0.00
LBC	120	24.84	25.12	25.11	24.93	0.00	0.00
LBC	121	24.87	25.31	25.21	24.60	0.00	0.00
LBC	122	24.80	25.30	25.17	24.73	0.00	0.00
LBC	123	24.78	25.26	25.11	24.85	0.00	0.00
LBC	124	24.76	25.25	25.16	24.83	0.00	0.00
LBC	125	24.69	25.25	25.24	24.81	0.00	0.00
LBC	126	24.89	25.14	25.07	24.90	0.00	0.00
LBC	127	24.78	25.30	25.15	24.77	0.00	0.00
LBC	128	24.75	25.36	25.23	24.66	0.00	0.00
LBC	129	24.85	25.18	25.21	24.76	0.00	0.00
LBC	130	24.84	25.30	25.18	24.68	0.00	0.00
LBC	131	24.78	25.35	25.15	24.72	0.00	0.00
LBC	132	24.82	25.18	25.17	24.83	0.00	0.00
LBC	133	24.89	25.21	25.22	24.68	0.00	0.00
LBC	134	24.77	25.28	25.22	24.72	0.00	0.00
LBC	135	24.82	25.21	25.14	24.83	0.00	0.00
LBC	136	24.74	25.23	25.14	24.88	0.00	0.00
LBC	137	24.70	25.38	25.22	24.69	0.00	0.00
LBC	138	24.90	25.19	25.13	24.79	0.00	0.00
LBC	139	24.78	25.23	25.26	24.73	0.00	0.00
LBC	140	24.65	25.30	25.29	24.75	0.00	0.00
LBC	141	24.93	25.18	25.05	24.84	0.00	0.00
LBC	142	24.84	25.19	25.15	24.82	0.00	0.00
LBC	143	24.82	25.23	25.21	24.74	0.00	0.00
LBC	144	24.86	25.18	25.07	24.89	0.00	0.00
LBC	145	24.83	25.16	25.18	24.83	0.00	0.00
LBC	146	24.77	25.36	25.25	24.61	0.00	0.00
LBC	147	24.81	25.14	25.22	24.83	0.00	0.00
LBC	148	24.78	25.26	25.19	24.77	0.00	0.00
LBC	149	24.74	25.28	25.20	24.78	0.00	0.00
LBC	150	24.93	25.15	25.11	24.82	0.00	0.00
LBC	151	24.82	25.29	25.07	24.82	0.00	0.00
LBC	152	24.70	25.29	25.28	24.73	0.00	0.00
LBC	153	24.86	25.19	25.05	24.90	0.00	0.00
LBC	154	24.75	25.26	25.20	24.79	0.00	0.00
LBC	155	24.76	25.31	25.23	24.70	0.00	0.00
LBC	156	24.90	25.25	24.99	24.86	0.00	0.00
LBC	157	24.87	25.19	25.19	24.75	0.00	0.00
LBC	158	24.74	25.32	25.20	24.74	0.00	0.00
LBC	159	24.81	25.22	25.06	24.91	0.00	0.00
LBC	160	24.86	25.20	25.09	24.84	0.00	0.00
LBC	161	24.81	25.21	25.21	24.77	0.00	0.00
LBC	162	25.02	25.15	25.06	24.78	0.00	0.00
LBC	163	24.90	25.20	25.05	24.84	0.00	0.00
LBC	164	24.83	25.16	25.21	24.81	0.00	0.00
LBC	165	24.87	25.21	25.05	24.88	0.00	0.00
LBC	166	24.82	25.28	25.08	24.82	0.00	0.00
LBC	167	24.77	25.27	25.11	24.85	0.00	0.00
LBC	168	24.81	25.04	25.18	24.97	0.00	0.00
LBC	169	24.73	25.27	25.22	24.78	0.00	0.00
LBC	170	24.76	25.37	25.10	24.77	0.00	0.00
LBC	171	24.98	25.14	24.92	24.96	0.00	0.00
LBC	172	24.86	25.16	25.17	24.81	0.00	0.00
LBC	173	24.84	25.16	25.17	24.84	0.00	0.00
LBC	174	24.81	25.12	25.13	24.94	0.00	0.00
LBC	175	24.80	25.14	25.22	24.84	0.00	0.00
LBC	176	24.77	25.25	25.17	24.81	0.00	0.00
LBC	177	25.07	25.10	24.97	24.85	0.00	0.00
LBC	178	24.96	25.08	25.12	24.83	0.00	0.00
LBC	179	24.89	25.24	25.06	24.81	0.00	0.00
LBC	180	24.93	25.11	25.03	24.93	0.00	0.00
LBC	181	24.89	25.13	25.14	24.84	0.00	0.00
LBC	182	24.83	25.22	25.08	24.87	0.00	0.00
LBC	183	24.99	25.11	24.96	24.95	0.00	0.00
LBC	184	24.86	25.25	25.10	24.78	0.00	0.00
LBC	185	24.79	25.23	25.02	24.96	0.00	0.00
LBC	186	24.86	25.22	24.93	24.99	0.00	0.00
LBC	187	24.96	25.05	25.11	24.88	0.00	0.00
LBC	188	24.84	25.16	25.15	24.85	0.00	0.00
LBC	189	25.02	25.11	24.90	24.96	0.00	0.00
LBC	190	24.87	25.09	25.08	24.96	0.00	0.00
LBC	191	24.78	25.23	25.06	24.93	0.00	0.00
LBC	192	24.93	25.07	24.90	25.10	0.00	0.00
LBC	193	24.82	25.13	25.05	25.00	0.00	0.00
LBC	194	24.77	25.17	25.10	24.95	0.00	0.00
LBC	195	25.00	24.99	25.04	24.96	0.00	0.00
LBC	196	24.94	25.13	25.03	24.90	0.00	0.00
LBC	197	24.92	25.30	24.83	24.95	0.00	0.00
LBC	198	25.08	25.00	24.99	24.93	0.00	0.00
LBC	199	24.99	25.04	25.03	24.94	0.00	0.00
LBC	200	24.88	25.14	25.00	24.97	0.00	0.00
LBC	201	24.95	24.99	25.07	24.99	0.00	0.00
LBC	202	25.02	25.14	24.97	24.87	0.00	0.00
LBC	203	24.94	25.07	25.10	24.89	0.00	0.00
LBC	204	25.07	25.03	24.82	25.09	0.00	0.00
LBC	205	25.00	25.04	25.04	24.92	0.00	0.00
LBC	206	24.91	25.08	25.03	24.98	0.00	0.00
LBC	207	24.99	25.09	24.87	25.05	0.00	0.00
LBC	208	25.07	25.04	24.88	25.01	0.00	0.00
LBC	209	25.00	25.09	24.80	25.11	0.00	0.00
LBC	210	24.99	25.07	24.86	25.09	0.23	0.00
LBC	211	25.01	25.08	25.00	24.92	0.00	0.00
LBC	212	25.02	25.04	24.90	25.03	0.00	0.00
LBC	213	24.98	24.96	24.92	25.15	0.00	0.00
LBC	214	25.02	25.07	24.86	25.05	0.00	0.00
LBC	215	24.98	25.09	24.96	24.97	0.00	0.00
LBC	216	25.13	24.94	24.75	25.19	0.00	0.00
LBC	217	25.17	24.85	24.89	25.09	0.00	0.00
LBC	218	25.00	25.01	24.93	25.07	0.00	0.00
LBC	219	25.03	25.01	24.69	25.27	0.00	0.00
LBC	220	25.21	24.96	24.78	25.05	0.00	0.00
LBC	221	25.03	24.93	24.87	25.17	0.00	0.00
LBC	222	25.18	24.84	24.70	25.28	0.00	0.00
LBC	223	25.07	24.89	24.73	25.30	0.00	0.00
LBC	224	25.22	24.83	24.81	25.13	0.00	0.00
LBC	225	25.23	25.04	24.64	25.10	0.00	0.00
LBC	226	25.13	24.93	24.65	25.29	0.00	0.00
LBC	227	25.23	24.82	24.80	25.15	0.00	0.00
LBC	228	25.40	24.75	24.67	25.18	0.00	0.00
LBC	229	25.29	24.79	24.59	25.33	0.00	0.00
LBC	230	25.34	24.78	24.64	25.23	0.00	0.00
LBC	231	25.21	24.68	24.59	25.52	0.00	0.00
LBC	232	25.37	24.69	24.68	25.26	0.00	0.00
LBC	233	25.22	24.76	24.61	25.41	0.00	0.00
LBC	234	25.47	24.75	24.35	25.44	0.00	0.00
LBC	235	25.39	24.75	24.57	25.29	0.00	0.00
LBC	236	25.35	24.71	24.59	25.35	0.00	0.00
LBC	237	25.48	24.62	24.53	25.37	0.00	0.00
LBC	238	25.39	24.79	24.60	25.22	0.00	0.00
LBC	239	25.39	24.63	24.53	25.44	0.00	0.00
LBC	240	25.43	24.67	24.42	25.47	0.00	0.00
LBC	241	25.51	24.43	24.55	25.51	0.00	0.00
LBC	242	25.66	24.50	24.34	25.49	0.00	0.00
LBC	243	25.52	24.41	24.44	25.63	0.00	0.00
LBC	244	25.42	24.62	24.29	25.67	0.00	0.00
LBC	245	25.44	24.56	24.42	25.58	0.00	0.00
LBC	246	25.68	24.39	24.35	25.58	0.00	0.00
LBC	247	25.61	24.54	24.15	25.69	0.00	0.00
LBC	248	25.78	24.33	24.20	25.69	0.00	0.00
LBC	249	25.88	24.29	24.16	25.67	0.00	0.00
LBC	250	25.69	24.28	24.08	25.94	0.00	0.00
LBC	251	25.78	24.37	24.03	25.82	0.00	0.00
LBC	252	25.88	24.28	24.05	25.79	0.00	0.00
LBC	253	25.72	24.39	24.07	25.82	0.00	0.00
LBC	254	25.88	24.19	24.13	25.80	0.00	0.00
LBC	255	25.69	24.18	23.97	26.17	0.00	0.00
LBC	256	25.86	24.27	23.97	25.90	0.00	0.00
LBC	257	25.90	24.00	24.06	26.05	0.00	0.00
LBC	258	25.92	24.17	23.92	26.00	0.00	0.00
LBC	259	25.77	24.18	23.80	26.25	0.00	0.00
LBC	260	25.91	23.99	24.02	26.07	0.00	0.00
LBC	261	26.16	23.83	23.52	26.49	0.00	0.00
LBC	262	26.14	23.96	23.68	26.22	0.00	0.00
LBC	263	26.26	23.74	23.69	26.31	0.00	0.00
LBC	264	26.30	23.92	23.47	26.32	0.00	0.00
LBC	265	26.11	23.82	23.75	26.32	0.00	0.00
LBC	266	26.33	23.80	23.53	26.35	0.00	0.00
LBC	267	26.44	23.45	23.65	26.45	0.00	0.00
LBC	268	26.44	23.50	23.40	26.67	0.00	0.00
LBC	269	26.59	23.65	23.22	26.54	0.00	0.00
LBC	270	26.71	23.27	23.46	26.56	0.00	0.00
LBC	271	26.62	23.76	23.24	26.38	0.00	0.00
LBC	272	26.58	23.74	23.21	26.47	0.00	0.00
LBC	273	26.76	23.38	23.42	26.44	0.00	0.00
LBC	274	26.97	23.49	23.22	26.32	0.00	0.00
LBC	275	26.77	23.52	22.90	26.81	0.00	0.00
LBC	276	26.98	23.05	23.19	26.78	0.00	0.00
LBC	277	26.48	23.28	23.07	27.16	0.00	0.00
LBC	278	26.53	23.34	22.90	27.23	0.00	0.00
LBC	279	26.96	22.92	22.69	27.43	0.00	0.00
LBC	280	27.27	23.01	22.30	27.43	0.00	0.00
LBC	281	26.95	23.08	22.65	27.32	0.00	0.00
LBC	282	27.22	22.94	22.53	27.31	0.00	0.00
LBC	283	27.32	22.81	22.44	27.43	0.00	0.00
LBC	284	27.27	22.92	22.55	27.26	0.00	0.00
LBC	285	27.35	22.30	22.46	27.89	0.00	0.00
LBC	286	27.52	22.71	22.40	27.37	0.00	0.00
LBC	287	27.49	22.62	22.05	27.84	0.00	0.00
LBC	288	27.27	22.67	21.82	28.24	0.00	0.00
LBC	289	27.85	22.12	22.21	27.82	0.00	0.00
LBC	290	27.65	22.43	21.93	27.98	0.00	0.00
LBC	291	27.65	22.17	21.61	28.57	0.00	0.00
LBC	292	27.31	22.15	21.75	28.80	0.00	0.00
LBC	293	27.88	21.83	21.77	28.53	0.00	0.00
LBC	294	28.13	22.03	21.22	28.61	0.00	0.00
LBC	295	28.49	22.18	21.27	28.06	0.00	0.00
LBC	296	28.53	21.74	21.07	28.67	0.00	0.00
LBC	297	28.69	21.63	21.25	28.43	0.00	0.00
LBC	298	29.67	20.92	21.06	28.35	0.00	0.00
LBC	299	27.39	22.00	21.69	28.93	0.00	0.00
LBC	300	29.92	21.29	18.62	30.16	0.00	0.00
LBC	301	16.01	27.02	14.44	42.52	0.00	0.00
# ACGT raw counters for last fragments. Use `grep ^LTC | cut -f 2-` to extract this part. The columns are: A,C,G,T,N base counters
LTC	45091671	45510438	45523396	44922293	1381
# Insert sizes. Use `grep ^IS | cut -f 2-` to extract this part. The columns are: insert size, pairs total, inward oriented pairs, outward oriented pairs, other pairs
IS	0	1	0	0	1
IS	1	0	0	0	0
IS	2	0	0	0	0
IS	3	3	0	2	1
IS	4	0	0	0	0
IS	5	1	0	0	1
IS	6	1	0	1	0
IS	7	2	0	1	1
IS	8	1	0	0	1
IS	9	0	0	0	0
IS	10	0	0	0	0
IS	11	0	0	0	0
IS	12	0	0	0	0
IS	13	0	0	0	0
IS	14	0	0	0	0
IS	15	1	0	1	0
IS	16	0	0	0	0
IS	17	1	0	1	0
IS	18	0	0	0	0
IS	19	2243	2234	9	0
IS	20	996	993	3	0
IS	21	364	362	2	0
IS	22	158	155	2	1
IS	23	149	147	2	0
IS	24	94	94	0	0
IS	25	66	66	0	0
IS	26	135	133	2	0
IS	27	115	114	1	0
IS	28	167	165	2	0
IS	29	198	196	2	0
IS	30	79	79	0	0
IS	31	104	101	3	0
IS	32	182	179	2	1
IS	33	145	143	2	0
IS	34	140	138	0	2
IS	35	163	161	2	0
IS	36	570	569	1	0
IS	37	596	589	7	0
IS	38	665	663	2	0
IS	39	665	661	4	0
IS	40	745	741	4	0
IS	41	751	747	4	0
IS	42	777	770	7	0
IS	43	781	775	5	1
IS	44	882	877	4	1
IS	45	893	890	3	0
IS	46	902	899	3	0
IS	47	937	927	9	1
IS	48	925	916	9	0
IS	49	992	990	2	0
IS	50	1029	1025	4	0
IS	51	1057	1056	1	0
IS	52	1048	1046	1	1
IS	53	1071	1065	6	0
IS	54	1161	1155	5	1
IS	55	1193	1189	4	0
IS	56	1168	1164	4	0
IS	57	1134	1133	1	0
IS	58	1208	1201	5	2
IS	59	1315	1309	6	0
IS	60	1277	1271	4	2
IS	61	1245	1240	3	2
IS	62	1312	1306	6	0
IS	63	1345	1341	4	0
IS	64	1339	1333	6	0
IS	65	1364	1362	2	0
IS	66	1353	1345	6	2
IS	67	1366	1362	4	0
IS	68	1423	1413	8	2
IS	69	1380	1371	8	1
IS	70	1420	1415	4	1
IS	71	1563	1559	3	1
IS	72	1538	1531	6	1
IS	73	1500	1488	10	2
IS	74	1543	1541	2	0
IS	75	1609	1606	2	1
IS	76	1633	1627	5	1
IS	77	1641	1633	4	4
IS	78	1603	1602	1	0
IS	79	1620	1616	4	0
IS	80	1649	1640	6	3
IS	81	1607	1604	3	0
IS	82	1688	1679	9	0
IS	83	1756	1750	6	0
IS	84	1669	1661	8	0
IS	85	1767	1755	11	1
IS	86	1788	1782	6	0
IS	87	1764	1761	3	0
IS	88	1754	1745	9	0
IS	89	1741	1730	9	2
IS	90	1771	1761	9	1
IS	91	1802	1791	8	3
IS	92	1820	1815	5	0
IS	93	1857	1848	8	1
IS	94	1841	1834	6	1
IS	95	1874	1870	3	1
IS	96	1852	1846	6	0
IS	97	1894	1888	5	1
IS	98	1916	1913	3	0
IS	99	1949	1940	8	1
IS	100	1903	1896	6	1
IS	101	1917	1914	2	1
IS	102	1987	1977	9	1
IS	103	2091	2084	6	1
IS	104	2089	2085	4	0
IS	105	1980	1970	9	1
IS	106	1936	1931	2	3
IS	107	1953	1943	9	1
IS	108	2069	2063	5	1
IS	109	1922	1912	10	0
IS	110	2028	2018	6	4
IS	111	2023	2017	6	0
IS	112	2057	2049	8	0
IS	113	2054	2046	8	0
IS	114	1983	1973	8	2
IS	115	2103	2097	5	1
IS	116	2131	2128	3	0
IS	117	2131	2127	3	1
IS	118	2094	2087	7	0
IS	119	2124	2121	3	0
IS	120	2104	2092	9	3
IS	121	2070	2064	5	1
IS	122	2173	2167	4	2
IS	123	2130	2126	2	2
IS	124	2108	2100	7	1
IS	125	2224	2221	2	1
IS	126	2110	2105	4	1
IS	127	2177	2168	8	1
IS	128	2146	2138	7	1
IS	129	2177	2171	5	1
IS	130	2194	2186	8	0
IS	131	2074	2071	3	0
IS	132	2210	2206	3	1
IS	133	2169	2166	2	1
IS	134	2157	2153	2	2
IS	135	2124	2120	3	1
IS	136	2148	2139	8	1
IS	137	2213	2206	5	2
IS	138	2145	2137	6	2
IS	139	2252	2249	3	0
IS	140	2184	2178	4	2
IS	141	2209	2198	11	0
IS	142	2173	2167	4	2
IS	143	2184	2179	5	0
IS	144	2182	2179	3	0
IS	145	2176	2171	5	0
IS	146	2254	2248	5	1
IS	147	2224	2212	11	1
IS	148	2178	2173	5	0
IS	149	2257	2249	6	2
IS	150	2225	2218	6	1
IS	151	2154	2150	4	0
IS	152	2205	2200	5	0
IS	153	2136	2132	2	2
IS	154	2206	2197	8	1
IS	155	2204	2190	9	5
IS	156	2109	2099	9	1
IS	157	2186	2180	4	2
IS	158	2205	2199	6	0
IS	159	2203	2196	5	2
IS	160	2177	2171	5	1
IS	161	2241	2238	2	1
IS	162	2168	2164	2	2
IS	163	2222	2215	5	2
IS	164	2261	2256	4	1
IS	165	2149	2138	10	1
IS	166	2306	2300	5	1
IS	167	2151	2142	8	1
IS	168	2247	2242	3	2
IS	169	2240	2233	4	3
IS	170	2132	2128	4	0
IS	171	2165	2160	3	2
IS	172	2201	2195	5	1
IS	173	2113	2104	9	0
IS	174	2187	2181	5	1
IS	175	2160	2155	4	1
IS	176	2199	2194	4	1
IS	177	2162	2161	1	0
IS	178	2115	2110	5	0
IS	179	2188	2182	6	0
IS	180	2175	2167	8	0
IS	181	2078	2068	10	0
IS	182	2112	2102	7	3
IS	183	2211	2207	3	1
IS	184	2178	2169	9	0
IS	185	2111	2106	4	1
IS	186	2185	2176	6	3
IS	187	2199	2188	9	2
IS	188	2228	2224	4	0
IS	189	2137	2131	6	0
IS	190	2100	2093	4	3
IS	191	2108	2104	4	0
IS	192	2103	2097	4	2
IS	193	2173	2160	7	6
IS	194	2155	2150	3	2
IS	195	2208	2205	3	0
IS	196	2092	2088	3	1
IS	197	2081	2077	4	0
IS	198	2160	2155	4	1
IS	199	2127	2125	2	0
IS	200	2118	2108	7	3
IS	201	2054	2048	5	1
IS	202	2116	2108	7	1
IS	203	2130	2124	6	0
IS	204	2025	2021	3	1
IS	205	2095	2092	2	1
IS	206	2102	2100	2	0
IS	207	2058	2053	3	2
IS	208	2043	2038	4	1
IS	209	2129	2124	5	0
IS	210	2126	2122	3	1
IS	211	2016	2013	3	0
IS	212	2071	2067	4	0
IS	213	1990	1988	2	0
IS	214	2051	2047	3	1
IS	215	2024	2021	3	0
IS	216	2058	2056	1	1
IS	217	2055	2051	4	0
IS	218	2084	2080	4	0
IS	219	1995	1987	8	0
IS	220	1985	1979	6	0
IS	221	1971	1968	3	0
IS	222	1973	1972	1	0
IS	223	2023	2021	2	0
IS	224	1954	1948	6	0
IS	225	2023	2019	2	2
IS	226	1965	1959	5	1
IS	227	1951	1944	6	1
IS	228	2003	1994	6	3
IS	229	1816	1813	3	0
IS	230	1944	1943	0	1
IS	231	1916	1914	2	0
IS	232	1916	1910	5	1
IS	233	1942	1936	3	3
IS	234	1941	1937	4	0
IS	235	1831	1825	5	1
IS	236	1876	1867	8	1
IS	237	1885	1881	3	1
IS	238	1832	1826	5	1
IS	239	1808	1802	5	1
IS	240	1855	1850	5	0
IS	241	1886	1881	4	1
IS	242	1838	1834	3	1
IS	243	1820	1819	0	1
IS	244	1692	1683	7	2
IS	245	1734	1729	4	1
IS	246	1748	1743	4	1
IS	247	1731	1728	3	0
IS	248	1760	1753	4	3
IS	249	1749	1746	2	1
IS	250	1717	1715	1	1
IS	251	1662	1659	3	0
IS	252	1759	1752	5	2
IS	253	1693	1688	4	1
IS	254	1619	1616	3	0
IS	255	1630	1625	4	1
IS	256	1626	1618	5	3
IS	257	1642	1638	4	0
IS	258	1649	1642	7	0
IS	259	1634	1628	4	2
IS	260	1565	1562	3	0
IS	261	1559	1554	3	2
IS	262	1583	1580	2	1
IS	263	1543	1542	1	0
IS	264	1527	1525	2	0
IS	265	1490	1485	4	1
IS	266	1646	1643	3	0
IS	267	1446	1442	4	0
IS	268	1499	1496	3	0
IS	269	1482	1481	1	0
IS	270	1456	1456	0	0
IS	271	1400	1394	6	0
IS	272	1442	1440	2	0
IS	273	1238	1236	0	2
IS	274	1396	1395	0	1
IS	275	1377	1376	1	0
IS	276	1434	1427	6	1
IS	277	1435	1434	1	0
IS	278	1405	1403	1	1
IS	279	1235	1231	3	1
IS	280	1333	1328	4	1
IS	281	1362	1361	1	0
IS	282	964	957	6	1
IS	283	1195	1194	0	1
IS	284	1040	1037	2	1
IS	285	1310	1308	2	0
IS	286	1131	1129	2	0
IS	287	1106	1102	3	1
IS	288	1312	1310	2	0
IS	289	1123	1122	0	1
IS	290	1415	1413	1	1
IS	291	1228	1224	4	0
IS	292	1189	1182	7	0
IS	293	1392	1383	9	0
IS	294	1706	1684	20	2
IS	295	1578	1555	22	1
IS	296	1571	1562	9	0
IS	297	1560	1459	100	1
IS	298	1605	1577	28	0
IS	299	1557	1421	135	1
IS	300	1589	1573	16	0
IS	301	1566	1564	1	1
IS	302	1588	1587	0	1
IS	303	1554	1553	0	1
IS	304	1530	1530	0	0
IS	305	1594	1592	0	2
IS	306	1514	1511	1	2
IS	307	1543	1543	0	0
IS	308	1562	1562	0	0
IS	309	1601	1601	0	0
IS	310	1491	1491	0	0
IS	311	1479	1479	0	0
IS	312	1478	1477	0	1
IS	313	1454	1452	0	2
IS	314	1460	1460	0	0
IS	315	1423	1422	0	1
IS	316	1493	1493	0	0
IS	317	1483	1483	0	0
IS	318	1452	1452	0	0
IS	319	1458	1457	0	1
IS	320	1477	1475	0	2
IS	321	1437	1436	0	1
IS	322	1394	1393	0	1
IS	323	1438	1437	0	1
IS	324	1429	1428	0	1
IS	325	1466	1466	0	0
IS	326	1386	1385	0	1
IS	327	1369	1367	0	2
IS	328	1321	1321	0	0
IS	329	1402	1402	0	0
IS	330	1411	1411	0	0
IS	331	1343	1342	0	1
IS	332	1324	1323	0	1
IS	333	1360	1360	0	0
IS	334	1246	1245	0	1
IS	335	1367	1367	0	0
IS	336	1367	1366	0	1
IS	337	1393	1393	0	0
IS	338	1359	1359	0	0
IS	339	1343	1343	0	0
IS	340	1236	1235	0	1
IS	341	1252	1252	0	0
IS	342	1257	1257	0	0
IS	343	1284	1283	0	1
IS	344	1336	1336	0	0
IS	345	1262	1262	0	0
IS	346	1241	1241	0	0
IS	347	1306	1304	0	2
IS	348	1230	1230	0	0
IS	349	1310	1309	0	1
IS	350	1233	1233	0	0
IS	351	1228	1228	0	0
IS	352	1225	1223	0	2
IS	353	1187	1187	0	0
IS	354	1219	1219	0	0
IS	355	1252	1250	0	2
IS	356	1177	1177	0	0
IS	357	1169	1169	0	0
IS	358	1205	1205	0	0
IS	359	1179	1179	0	0
IS	360	1175	1175	0	0
IS	361	1190	1189	0	1
IS	362	1219	1219	0	0
IS	363	1172	1172	0	0
IS	364	1114	1113	0	1
IS	365	1083	1083	0	0
IS	366	1099	1099	0	0
IS	367	1110	1109	0	1
IS	368	1170	1170	0	0
IS	369	1179	1179	0	0
IS	370	1115	1115	0	0
IS	371	1184	1184	0	0
IS	372	1119	1118	0	1
IS	373	1079	1078	1	0
IS	374	1147	1147	0	0
IS	375	1127	1126	0	1
IS	376	1148	1148	0	0
IS	377	1098	1098	0	0
IS	378	1064	1064	0	0
IS	379	1039	1039	0	0
IS	380	1042	1042	0	0
IS	381	998	997	0	1
IS	382	1061	1061	0	0
IS	383	1037	1037	0	0
IS	384	1008	1008	0	0
IS	385	1002	1002	0	0
IS	386	1020	1020	0	0
IS	387	991	990	0	1
IS	388	980	980	0	0
IS	389	960	959	1	0
IS	390	988	988	0	0
IS	391	969	969	0	0
IS	392	1000	999	0	1
IS	393	997	996	0	1
IS	394	916	916	0	0
IS	395	953	953	0	0
IS	396	930	930	0	0
IS	397	958	958	0	0
IS	398	958	958	0	0
IS	399	974	974	0	0
IS	400	981	981	0	0
IS	401	909	909	0	0
IS	402	916	916	0	0
IS	403	940	940	0	0
IS	404	924	924	0	0
IS	405	925	925	0	0
IS	406	892	892	0	0
IS	407	889	889	0	0
IS	408	853	852	0	1
IS	409	907	906	0	1
IS	410	874	874	0	0
IS	411	850	850	0	0
IS	412	857	857	0	0
IS	413	795	795	0	0
IS	414	879	879	0	0
IS	415	869	869	0	0
IS	416	831	831	0	0
IS	417	839	839	0	0
IS	418	848	847	0	1
IS	419	788	787	0	1
IS	420	775	775	0	0
IS	421	823	823	0	0
IS	422	839	839	0	0
IS	423	810	810	0	0
IS	424	813	813	0	0
IS	425	776	775	0	1
IS	426	822	822	0	0
IS	427	724	724	0	0
IS	428	771	771	0	0
IS	429	746	746	0	0
IS	430	771	771	0	0
IS	431	744	743	0	1
IS	432	713	713	0	0
IS	433	725	725	0	0
IS	434	730	730	0	0
IS	435	754	754	0	0
IS	436	737	737	0	0
IS	437	749	749	0	0
IS	438	783	783	0	0
IS	439	755	755	0	0
IS	440	678	677	0	1
IS	441	691	691	0	0
IS	442	665	665	0	0
IS	443	710	709	0	1
IS	444	682	682	0	0
IS	445	659	659	0	0
IS	446	714	714	0	0
IS	447	707	707	0	0
IS	448	696	696	0	0
IS	449	672	672	0	0
IS	450	716	716	0	0
IS	451	704	704	0	0
IS	452	696	696	0	0
IS	453	693	693	0	0
IS	454	685	685	0	0
IS	455	635	635	0	0
IS	456	611	611	0	0
IS	457	619	619	0	0
IS	458	613	613	0	0
IS	459	664	664	0	0
IS	460	655	655	0	0
IS	461	588	588	0	0
IS	462	615	615	0	0
IS	463	633	633	0	0
IS	464	608	608	0	0
IS	465	634	634	0	0
IS	466	657	657	0	0
IS	467	593	593	0	0
IS	468	603	603	0	0
IS	469	551	551	0	0
IS	470	592	592	0	0
IS	471	581	581	0	0
IS	472	607	607	0	0
IS	473	570	570	0	0
IS	474	584	584	0	0
IS	475	559	559	0	0
IS	476	547	547	0	0
IS	477	577	577	0	0
IS	478	543	543	0	0
IS	479	582	582	0	0
IS	480	502	502	0	0
IS	481	570	570	0	0
IS	482	543	543	0	0
IS	483	534	534	0	0
IS	484	549	549	0	0
IS	485	490	490	0	0
IS	486	553	553	0	0
IS	487	497	497	0	0
IS	488	516	516	0	0
IS	489	497	497	0	0
IS	490	495	494	0	1
IS	491	509	509	0	0
IS	492	506	506	0	0
IS	493	481	480	0	1
IS	494	454	454	0	0
IS	495	494	494	0	0
IS	496	444	443	0	1
IS	497	474	474	0	0
IS	498	456	456	0	0
IS	499	478	478	0	0
IS	500	466	466	0	0
IS	501	495	495	0	0
IS	502	455	455	0	0
IS	503	426	426	0	0
IS	504	469	468	0	1
IS	505	464	464	0	0
IS	506	489	489	0	0
IS	507	428	428	0	0
IS	508	409	409	0	0
IS	509	428	428	0	0
IS	510	464	464	0	0
IS	511	431	431	0	0
IS	512	415	415	0	0
IS	513	413	413	0	0
IS	514	384	384	0	0
IS	515	431	431	0	0
IS	516	417	417	0	0
IS	517	382	382	0	0
IS	518	433	433	0	0
IS	519	350	350	0	0
IS	520	427	427	0	0
IS	521	413	413	0	0
IS	522	388	388	0	0
IS	523	403	403	0	0
IS	524	408	408	0	0
IS	525	380	380	0	0
IS	526	366	366	0	0
IS	527	384	384	0	0
IS	528	390	389	1	0
IS	529	351	351	0	0
IS	530	376	375	0	1
IS	531	357	357	0	0
IS	532	365	365	0	0
IS	533	348	348	0	0
IS	534	333	333	0	0
IS	535	330	330	0	0
IS	536	322	322	0	0
IS	537	342	342	0	0
IS	538	385	385	0	0
IS	539	302	302	0	0
IS	540	298	298	0	0
IS	541	300	299	0	1
IS	542	314	314	0	0
IS	543	336	336	0	0
IS	544	324	324	0	0
IS	545	334	334	0	0
IS	546	318	318	0	0
IS	547	313	313	0	0
IS	548	318	318	0	0
IS	549	316	316	0	0
IS	550	289	289	0	0
IS	551	300	300	0	0
IS	552	328	328	0	0
IS	553	341	341	0	0
IS	554	312	312	0	0
IS	555	297	297	0	0
IS	556	280	280	0	0
IS	557	320	320	0	0
IS	558	294	294	0	0
IS	559	269	269	0	0
IS	560	286	286	0	0
IS	561	280	280	0	0
IS	562	270	270	0	0
IS	563	272	272	0	0
IS	564	257	257	0	0
IS	565	264	264	0	0
IS	566	244	244	0	0
IS	567	269	269	0	0
IS	568	242	242	0	0
IS	569	265	265	0	0
IS	570	284	284	0	0
IS	571	241	241	0	0
IS	572	232	232	0	0
IS	573	273	272	0	1
IS	574	248	248	0	0
IS	575	252	252	0	0
IS	576	227	227	0	0
IS	577	250	250	0	0
IS	578	234	234	0	0
IS	579	246	246	0	0
IS	580	232	232	0	0
IS	581	245	245	0	0
IS	582	229	229	0	0
IS	583	222	222	0	0
IS	584	226	226	0	0
IS	585	246	246	0	0
IS	586	220	220	0	0
IS	587	226	226	0	0
IS	588	233	233	0	0
IS	589	211	211	0	0
IS	590	226	226	0	0
IS	591	227	227	0	0
IS	592	227	227	0	0
IS	593	213	213	0	0
IS	594	230	230	0	0
IS	595	218	218	0	0
IS	596	207	207	0	0
IS	597	221	221	0	0
IS	598	211	211	0	0
IS	599	173	173	0	0
IS	600	207	207	0	0
IS	601	217	217	0	0
IS	602	198	198	0	0
IS	603	215	215	0	0
IS	604	201	201	0	0
IS	605	199	199	0	0
IS	606	200	200	0	0
IS	607	179	178	0	1
IS	608	186	186	0	0
IS	609	167	167	0	0
IS	610	178	178	0	0
IS	611	183	183	0	0
IS	612	188	188	0	0
IS	613	186	186	0	0
IS	614	169	169	0	0
IS	615	179	179	0	0
IS	616	166	166	0	0
IS	617	189	189	0	0
IS	618	170	170	0	0
IS	619	173	173	0	0
IS	620	178	178	0	0
IS	621	163	163	0	0
IS	622	152	152	0	0
IS	623	161	161	0	0
IS	624	163	163	0	0
IS	625	169	169	0	0
IS	626	138	138	0	0
IS	627	141	141	0	0
IS	628	133	133	0	0
IS	629	167	167	0	0
IS	630	155	155	0	0
IS	631	138	138	0	0
IS	632	156	156	0	0
IS	633	135	135	0	0
IS	634	162	162	0	0
IS	635	140	140	0	0
IS	636	125	125	0	0
IS	637	154	154	0	0
IS	638	155	155	0	0
IS	639	123	123	0	0
IS	640	156	156	0	0
IS	641	112	112	0	0
IS	642	163	163	0	0
IS	643	135	135	0	0
IS	644	136	136	0	0
IS	645	127	127	0	0
IS	646	134	134	0	0
IS	647	127	127	0	0
IS	648	121	121	0	0
IS	649	137	137	0	0
IS	650	115	115	0	0
IS	651	146	146	0	0
IS	652	122	122	0	0
IS	653	102	102	0	0
IS	654	135	135	0	0
IS	655	116	116	0	0
IS	656	123	123	0	0
IS	657	104	104	0	0
IS	658	112	112	0	0
IS	659	105	105	0	0
IS	660	118	118	0	0
IS	661	116	116	0	0
IS	662	119	119	0	0
IS	663	108	108	0	0
IS	664	107	107	0	0
IS	665	83	83	0	0
IS	666	97	97	0	0
IS	667	106	106	0	0
IS	668	111	111	0	0
IS	669	108	108	0	0
IS	670	113	113	0	0
IS	671	92	92	0	0
IS	672	97	97	0	0
IS	673	97	97	0	0
IS	674	94	94	0	0
IS	675	99	99	0	0
IS	676	96	95	1	0
IS	677	104	103	0	1
IS	678	99	99	0	0
IS	679	95	95	0	0
IS	680	79	79	0	0
IS	681	91	91	0	0
IS	682	93	93	0	0
IS	683	93	93	0	0
IS	684	88	88	0	0
IS	685	91	91	0	0
IS	686	93	93	0	0
IS	687	93	92	0	1
IS	688	110	110	0	0
IS	689	86	86	0	0
IS	690	93	93	0	0
IS	691	85	85	0	0
IS	692	90	90	0	0
IS	693	92	92	0	0
IS	694	65	65	0	0
IS	695	66	66	0	0
IS	696	72	72	0	0
IS	697	77	77	0	0
IS	698	93	93	0	0
IS	699	75	75	0	0
IS	700	78	78	0	0
IS	701	68	68	0	0
IS	702	77	77	0	0
IS	703	71	71	0	0
IS	704	60	60	0	0
IS	705	79	79	0	0
IS	706	65	65	0	0
IS	707	69	69	0	0
IS	708	81	81	0	0
IS	709	74	74	0	0
IS	710	71	71	0	0
IS	711	63	63	0	0
IS	712	72	72	0	0
IS	713	71	71	0	0
IS	714	69	69	0	0
IS	715	56	56	0	0
IS	716	52	52	0	0
IS	717	49	49	0	0
IS	718	60	59	0	1
IS	719	71	71	0	0
IS	720	63	63	0	0
IS	721	51	51	0	0
IS	722	61	61	0	0
IS	723	49	49	0	0
IS	724	58	58	0	0
IS	725	62	62	0	0
IS	726	60	60	0	0
IS	727	60	60	0	0
IS	728	58	58	0	0
# Read lengths. Use `grep ^RL | cut -f 2-` to extract this part. The columns are: read length, count
RL	36	2170
RL	37	2260
RL	38	2361
RL	39	2325
RL	40	2568
RL	41	2519
RL	42	2914
RL	43	2635
RL	44	2855
RL	45	2970
RL	46	3008
RL	47	3072
RL	48	3026
RL	49	3306
RL	50	3223
RL	51	3304
RL	52	3205
RL	53	3205
RL	54	3278
RL	55	3405
RL	56	3610
RL	57	3479
RL	58	3704
RL	59	3763
RL	60	3666
RL	61	3714
RL	62	3845
RL	63	3892
RL	64	4026
RL	65	4079
RL	66	3999
RL	67	3995
RL	68	4120
RL	69	4027
RL	70	4133
RL	71	4300
RL	72	4468
RL	73	4435
RL	74	4859
RL	75	6325
RL	76	6581
RL	77	7016
RL	78	6984
RL	79	7370
RL	80	7084
RL	81	6600
RL	82	6696
RL	83	5863
RL	84	5224
RL	85	5262
RL	86	5202
RL	87	5184
RL	88	5061
RL	89	5110
RL	90	5104
RL	91	5141
RL	92	5177
RL	93	5484
RL	94	5268
RL	95	5310
RL	96	5312
RL	97	5250
RL	98	5364
RL	99	5472
RL	100	5433
RL	101	5229
RL	102	5399
RL	103	5634
RL	104	5600
RL	105	5536
RL	106	5513
RL	107	5559
RL	108	5823
RL	109	5453
RL	110	5724
RL	111	5783
RL	112	5871
RL	113	5813
RL	114	5641
RL	115	5906
RL	116	5934
RL	117	6050
RL	118	5950
RL	119	6052
RL	120	5849
RL	121	5876
RL	122	6132
RL	123	5995
RL	124	5936
RL	125	6188
RL	126	5725
RL	127	6137
RL	128	5959
RL	129	6129
RL	130	6091
RL	131	5859
RL	132	6150
RL	133	6204
RL	134	6243
RL	135	6267
RL	136	6185
RL	137	6289
RL	138	6059
RL	139	6227
RL	140	6350
RL	141	6331
RL	142	6436
RL	143	6361
RL	144	6260
RL	145	6447
RL	146	6489
RL	147	6456
RL	148	6412
RL	149	6392
RL	150	6529
RL	151	6261
RL	152	6294
RL	153	6423
RL	154	6565
RL	155	10005
RL	156	6197
RL	157	6615
RL	158	10106
RL	159	6338
RL	160	6584
RL	161	6804
RL	162	7002
RL	163	6527
RL	164	6647
RL	165	6854
RL	166	6916
RL	167	8448
RL	168	6607
RL	169	6636
RL	170	7645
RL	171	6732
RL	172	6824
RL	173	8125
RL	174	6886
RL	175	7453
RL	176	10013
RL	177	7324
RL	178	11334
RL	179	10178
RL	180	7211
RL	181	8045
RL	182	8477
RL	183	7091
RL	184	8057
RL	185	7035
RL	186	7107
RL	187	8362
RL	188	8111
RL	189	6773
RL	190	7747
RL	191	8530
RL	192	7162
RL	193	7164
RL	194	7534
RL	195	12725
RL	196	7405
RL	197	7228
RL	198	12055
RL	199	7821
RL	200	7187
RL	201	7317
RL	202	10164
RL	203	7308
RL	204	7272
RL	205	9096
RL	206	7351
RL	207	7917
RL	208	12093
RL	209	15214
RL	210	7728
RL	211	8060
RL	212	8049
RL	213	7242
RL	214	7523
RL	215	7358
RL	216	7608
RL	217	8161
RL	218	8198
RL	219	8093
RL	220	8079
RL	221	7846
RL	222	8169
RL	223	8066
RL	224	8116
RL	225	7894
RL	226	8197
RL	227	7760
RL	228	8064
RL	229	8389
RL	230	8388
RL	231	8909
RL	232	8532
RL	233	8978
RL	234	8561
RL	235	8640
RL	236	8690
RL	237	8637
RL	238	8942
RL	239	8149
RL	240	8850
RL	241	8740
RL	242	8574
RL	243	8764
RL	244	8292
RL	245	8500
RL	246	8681
RL	247	8530
RL	248	8858
RL	249	8583
RL	250	8247
RL	251	8056
RL	252	8857
RL	253	8261
RL	254	8374
RL	255	8339
RL	256	8173
RL	257	8500
RL	258	8218
RL	259	8254
RL	260	8057
RL	261	8394
RL	262	8676
RL	263	7737
RL	264	7933
RL	265	7845
RL	266	7659
RL	267	7763
RL	268	7373
RL	269	7377
RL	270	6883
RL	271	6976
RL	272	6978
RL	273	7065
RL	274	6869
RL	275	6900
RL	276	7041
RL	277	6876
RL	278	6787
RL	279	6498
RL	280	6575
RL	281	6591
RL	282	6215
RL	283	6301
RL	284	6134
RL	285	6273
RL	286	6271
RL	287	6592
RL	288	5996
RL	289	6071
RL	290	5937
RL	291	5571
RL	292	5531
RL	293	5506
RL	294	5483
RL	295	5884
RL	296	5671
RL	297	5386
RL	298	9621
RL	299	19312
RL	300	134661
RL	301	64965
# Read lengths - first fragments. Use `grep ^FRL | cut -f 2-` to extract this part. The columns are: read length, count
FRL	36	981
FRL	37	959
FRL	38	1087
FRL	39	1033
FRL	40	1231
FRL	41	1207
FRL	42	1378
FRL	43	1182
FRL	44	1258
FRL	45	1315
FRL	46	1243
FRL	47	1306
FRL	48	1317
FRL	49	1442
FRL	50	1441
FRL	51	1509
FRL	52	1495
FRL	53	1494
FRL	54	1541
FRL	55	1613
FRL	56	1676
FRL	57	1640
FRL	58	1742
FRL	59	1748
FRL	60	1731
FRL	61	1811
FRL	62	1794
FRL	63	1850
FRL	64	1900
FRL	65	1961
FRL	66	1867
FRL	67	1890
FRL	68	1972
FRL	69	1927
FRL	70	2013
FRL	71	2084
FRL	72	2246
FRL	73	2206
FRL	74	2534
FRL	75	3998
FRL	76	4138
FRL	77	4595
FRL	78	4195
FRL	79	2919
FRL	80	2564
FRL	81	2380
FRL	82	2347
FRL	83	2407
FRL	84	2348
FRL	85	2362
FRL	86	2447
FRL	87	2388
FRL	88	2369
FRL	89	2365
FRL	90	2344
FRL	91	2371
FRL	92	2411
FRL	93	2560
FRL	94	2456
FRL	95	2480
FRL	96	2507
FRL	97	2515
FRL	98	2582
FRL	99	2638
FRL	100	2601
FRL	101	2524
FRL	102	2625
FRL	103	2697
FRL	104	2696
FRL	105	2662
FRL	106	2602
FRL	107	2634
FRL	108	2773
FRL	109	2532
FRL	110	2682
FRL	111	2719
FRL	112	2737
FRL	113	2756
FRL	114	2697
FRL	115	2784
FRL	116	2816
FRL	117	2836
FRL	118	2734
FRL	119	2849
FRL	120	2781
FRL	121	2732
FRL	122	2940
FRL	123	2870
FRL	124	2834
FRL	125	2941
FRL	126	2696
FRL	127	2910
FRL	128	2810
FRL	129	2872
FRL	130	2862
FRL	131	2749
FRL	132	2872
FRL	133	2928
FRL	134	2928
FRL	135	2923
FRL	136	2942
FRL	137	2961
FRL	138	2817
FRL	139	2911
FRL	140	2921
FRL	141	2903
FRL	142	2891
FRL	143	2967
FRL	144	2883
FRL	145	2936
FRL	146	2926
FRL	147	2940
FRL	148	2904
FRL	149	2922
FRL	150	2958
FRL	151	2860
FRL	152	2893
FRL	153	3011
FRL	154	3100
FRL	155	6557
FRL	156	2812
FRL	157	3049
FRL	158	6593
FRL	159	2906
FRL	160	3060
FRL	161	3154
FRL	162	3421
FRL	163	2903
FRL	164	3040
FRL	165	3232
FRL	166	3135
FRL	167	4759
FRL	168	2888
FRL	169	2950
FRL	170	3873
FRL	171	2931
FRL	172	3020
FRL	173	4309
FRL	174	3077
FRL	175	3685
FRL	176	5954
FRL	177	3480
FRL	178	7356
FRL	179	6170
FRL	180	3158
FRL	181	4295
FRL	182	4456
FRL	183	3068
FRL	184	4134
FRL	185	2972
FRL	186	2987
FRL	187	4259
FRL	188	3913
FRL	189	2804
FRL	190	3582
FRL	191	4236
FRL	192	2954
FRL	193	2894
FRL	194	3118
FRL	195	8317
FRL	196	3171
FRL	197	2937
FRL	198	7523
FRL	199	3362
FRL	200	2803
FRL	201	3025
FRL	202	5766
FRL	203	2882
FRL	204	2794
FRL	205	4497
FRL	206	2797
FRL	207	2703
FRL	208	2722
FRL	209	2786
FRL	210	2876
FRL	211	2727
FRL	212	2772
FRL	213	2676
FRL	214	2722
FRL	215	2661
FRL	216	2697
FRL	217	2801
FRL	218	2838
FRL	219	2769
FRL	220	2633
FRL	221	2672
FRL	222	2674
FRL	223	2645
FRL	224	2630
FRL	225	2703
FRL	226	2691
FRL	227	2660
FRL	228	2579
FRL	229	2577
FRL	230	2708
FRL	231	2848
FRL	232	2695
FRL	233	2838
FRL	234	2858
FRL	235	2893
FRL	236	2906
FRL	237	2865
FRL	238	2914
FRL	239	2853
FRL	240	2875
FRL	241	2811
FRL	242	2779
FRL	243	2761
FRL	244	2668
FRL	245	2728
FRL	246	2740
FRL	247	2744
FRL	248	2741
FRL	249	2759
FRL	250	2681
FRL	251	2693
FRL	252	2898
FRL	253	2919
FRL	254	2779
FRL	255	2826
FRL	256	3000
FRL	257	3280
FRL	258	3263
FRL	259	3139
FRL	260	3042
FRL	261	3276
FRL	262	3061
FRL	263	3014
FRL	264	3074
FRL	265	3198
FRL	266	3336
FRL	267	3132
FRL	268	3098
FRL	269	3269
FRL	270	3187
FRL	271	3229
FRL	272	3405
FRL	273	3456
FRL	274	3560
FRL	275	3466
FRL	276	3431
FRL	277	3277
FRL	278	3538
FRL	279	3484
FRL	280	3695
FRL	281	3667
FRL	282	3428
FRL	283	3725
FRL	284	3636
FRL	285	3796
FRL	286	3927
FRL	287	4224
FRL	288	3861
FRL	289	3880
FRL	290	3893
FRL	291	3556
FRL	292	3630
FRL	293	3780
FRL	294	3831
FRL	295	4323
FRL	296	3967
FRL	297	3915
FRL	298	7664
FRL	299	16783
FRL	300	123048
FRL	301	58907
# Read lengths - last fragments. Use `grep ^LRL | cut -f 2-` to extract this part. The columns are: read length, count
LRL	36	1189
LRL	37	1301
LRL	38	1274
LRL	39	1292
LRL	40	1337
LRL	41	1312
LRL	42	1536
LRL	43	1453
LRL	44	1597
LRL	45	1655
LRL	46	1765
LRL	47	1766
LRL	48	1709
LRL	49	1864
LRL	50	1782
LRL	51	1795
LRL	52	1710
LRL	53	1711
LRL	54	1737
LRL	55	1792
LRL	56	1934
LRL	57	1839
LRL	58	1962
LRL	59	2015
LRL	60	1935
LRL	61	1903
LRL	62	2051
LRL	63	2042
LRL	64	2126
LRL	65	2118
LRL	66	2132
LRL	67	2105
LRL	68	2148
LRL	69	2100
LRL	70	2120
LRL	71	2216
LRL	72	2222
LRL	73	2229
LRL	74	2325
LRL	75	2327
LRL	76	2443
LRL	77	2421
LRL	78	2789
LRL	79	4451
LRL	80	4520
LRL	81	4220
LRL	82	4349
LRL	83	3456
LRL	84	2876
LRL	85	2900
LRL	86	2755
LRL	87	2796
LRL	88	2692
LRL	89	2745
LRL	90	2760
LRL	91	2770
LRL	92	2766
LRL	93	2924
LRL	94	2812
LRL	95	2830
LRL	96	2805
LRL	97	2735
LRL	98	2782
LRL	99	2834
LRL	100	2832
LRL	101	2705
LRL	102	2774
LRL	103	2937
LRL	104	2904
LRL	105	2874
LRL	106	2911
LRL	107	2925
LRL	108	3050
LRL	109	2921
LRL	110	3042
LRL	111	3064
LRL	112	3134
LRL	113	3057
LRL	114	2944
LRL	115	3122
LRL	116	3118
LRL	117	3214
LRL	118	3216
LRL	119	3203
LRL	120	3068
LRL	121	3144
LRL	122	3192
LRL	123	3125
LRL	124	3102
LRL	125	3247
LRL	126	3029
LRL	127	3227
LRL	128	3149
LRL	129	3257
LRL	130	3229
LRL	131	3110
LRL	132	3278
LRL	133	3276
LRL	134	3315
LRL	135	3344
LRL	136	3243
LRL	137	3328
LRL	138	3242
LRL	139	3316
LRL	140	3429
LRL	141	3428
LRL	142	3545
LRL	143	3394
LRL	144	3377
LRL	145	3511
LRL	146	3563
LRL	147	3516
LRL	148	3508
LRL	149	3470
LRL	150	3571
LRL	151	3401
LRL	152	3401
LRL	153	3412
LRL	154	3465
LRL	155	3448
LRL	156	3385
LRL	157	3566
LRL	158	3513
LRL	159	3432
LRL	160	3524
LRL	161	3650
LRL	162	3581
LRL	163	3624
LRL	164	3607
LRL	165	3622
LRL	166	3781
LRL	167	3689
LRL	168	3719
LRL	169	3686
LRL	170	3772
LRL	171	3801
LRL	172	3804
LRL	173	3816
LRL	174	3809
LRL	175	3768
LRL	176	4059
LRL	177	3844
LRL	178	3978
LRL	179	4008
LRL	180	4053
LRL	181	3750
LRL	182	4021
LRL	183	4023
LRL	184	3923
LRL	185	4063
LRL	186	4120
LRL	187	4103
LRL	188	4198
LRL	189	3969
LRL	190	4165
LRL	191	4294
LRL	192	4208
LRL	193	4270
LRL	194	4416
LRL	195	4408
LRL	196	4234
LRL	197	4291
LRL	198	4532
LRL	199	4459
LRL	200	4384
LRL	201	4292
LRL	202	4398
LRL	203	4426
LRL	204	4478
LRL	205	4599
LRL	206	4554
LRL	207	5214
LRL	208	9371
LRL	209	12428
LRL	210	4852
LRL	211	5333
LRL	212	5277
LRL	213	4566
LRL	214	4801
LRL	215	4697
LRL	216	4911
LRL	217	5360
LRL	218	5360
LRL	219	5324
LRL	220	5446
LRL	221	5174
LRL	222	5495
LRL	223	5421
LRL	224	5486
LRL	225	5191
LRL	226	5506
LRL	227	5100
LRL	228	5485
LRL	229	5812
LRL	230	5680
LRL	231	6061
LRL	232	5837
LRL	233	6140
LRL	234	5703
LRL	235	5747
LRL	236	5784
LRL	237	5772
LRL	238	6028
LRL	239	5296
LRL	240	5975
LRL	241	5929
LRL	242	5795
LRL	243	6003
LRL	244	5624
LRL	245	5772
LRL	246	5941
LRL	247	5786
LRL	248	6117
LRL	249	5824
LRL	250	5566
LRL	251	5363
LRL	252	5959
LRL	253	5342
LRL	254	5595
LRL	255	5513
LRL	256	5173
LRL	257	5220
LRL	258	4955
LRL	259	5115
LRL	260	5015
LRL	261	5118
LRL	262	5615
LRL	263	4723
LRL	264	4859
LRL	265	4647
LRL	266	4323
LRL	267	4631
LRL	268	4275
LRL	269	4108
LRL	270	3696
LRL	271	3747
LRL	272	3573
LRL	273	3609
LRL	274	3309
LRL	275	3434
LRL	276	3610
LRL	277	3599
LRL	278	3249
LRL	279	3014
LRL	280	2880
LRL	281	2924
LRL	282	2787
LRL	283	2576
LRL	284	2498
LRL	285	2477
LRL	286	2344
LRL	287	2368
LRL	288	2135
LRL	289	2191
LRL	290	2044
LRL	291	2015
LRL	292	1901
LRL	293	1726
LRL	294	1652
LRL	295	1561
LRL	296	1704
LRL	297	1471
LRL	298	1957
LRL	299	2529
LRL	300	11613
LRL	301	6058
# Mapping qualities for reads !(UNMAP|SECOND|SUPPL|QCFAIL|DUP). Use `grep ^MAPQ | cut -f 2-` to extract this part. The columns are: mapq, count
MAPQ	0	14434
MAPQ	1	294
MAPQ	2	87
MAPQ	3	110
MAPQ	4	147
MAPQ	5	93
MAPQ	6	172
MAPQ	7	121
MAPQ	8	39
MAPQ	9	149
MAPQ	10	56
MAPQ	11	55
MAPQ	12	107
MAPQ	13	104
MAPQ	14	48
MAPQ	15	72
MAPQ	16	69
MAPQ	17	89
MAPQ	18	179
MAPQ	19	165
MAPQ	20	44
MAPQ	21	161
MAPQ	22	217
MAPQ	23	95
MAPQ	24	243
MAPQ	25	209
MAPQ	26	74
MAPQ	27	363
MAPQ	28	114
MAPQ	29	93
MAPQ	30	155
MAPQ	31	98
MAPQ	32	25
MAPQ	33	207
MAPQ	34	63
MAPQ	35	81
MAPQ	36	113
MAPQ	37	81
MAPQ	38	35
MAPQ	39	89
MAPQ	40	5116
MAPQ	41	128
MAPQ	42	228
MAPQ	43	300
MAPQ	44	394
MAPQ	45	654
MAPQ	46	2416
MAPQ	47	324
MAPQ	48	375
MAPQ	49	269
MAPQ	50	326
MAPQ	51	264
MAPQ	52	978
MAPQ	53	253
MAPQ	54	409
MAPQ	55	271
MAPQ	56	521
MAPQ	57	460
MAPQ	58	524
MAPQ	59	407
MAPQ	60	1419571
# Indel distribution. Use `grep ^ID | cut -f 2-` to extract this part. The columns are: length, number of insertions, number of deletions
ID	1	19579	24680
ID	2	3348	4170
ID	3	1896	2268
ID	4	1059	1116
ID	5	544	473
ID	6	563	612
ID	7	243	172
ID	8	208	340
ID	9	287	451
ID	10	110	351
ID	11	281	168
ID	12	605	72
ID	13	145	101
ID	14	44	115
ID	15	9	17
ID	16	0	2
ID	17	129	15
ID	18	58	106
ID	19	1	0
ID	21	0	13
ID	22	3	11
ID	24	77	1
ID	26	47	16
ID	28	0	52
ID	29	3	3
ID	30	53	48
ID	37	0	32
ID	39	24	34
ID	41	0	1
ID	42	0	2
ID	45	0	23
ID	47	0	2
ID	50	21	0
ID	53	0	11
ID	58	0	24
ID	60	4	0
ID	72	3	0
ID	76	0	7
ID	78	0	1
ID	86	0	1
ID	92	0	9
ID	98	0	2
ID	100	0	10
# Indels per cycle. Use `grep ^IC | cut -f 2-` to extract this part. The columns are: cycle, number of insertions (fwd), .. (rev) , number of deletions (fwd), .. (rev)
IC	3	0	0	27	31
IC	4	42	46	37	44
IC	5	29	30	38	40
IC	6	30	37	28	30
IC	7	33	34	31	35
IC	8	22	22	62	57
IC	9	40	42	58	80
IC	10	40	35	61	46
IC	11	55	45	59	67
IC	12	55	37	71	67
IC	13	40	60	56	69
IC	14	49	47	67	75
IC	15	48	56	63	82
IC	16	75	59	76	90
IC	17	53	61	64	89
IC	18	73	74	88	91
IC	19	61	69	71	111
IC	20	42	56	81	106
IC	21	76	66	74	81
IC	22	57	69	70	105
IC	23	54	58	67	70
IC	24	85	62	73	89
IC	25	76	69	79	85
IC	26	76	76	75	73
IC	27	65	73	79	91
IC	28	60	72	78	85
IC	29	78	63	88	82
IC	30	61	75	77	83
IC	31	55	78	108	88
IC	32	80	69	84	91
IC	33	67	68	72	101
IC	34	79	81	69	98
IC	35	87	66	95	89
IC	36	77	81	77	81
IC	37	72	81	102	106
IC	38	83	64	91	111
IC	39	89	95	84	100
IC	40	87	77	79	90
IC	41	80	81	105	112
IC	42	90	73	99	85
IC	43	74	84	95	114
IC	44	64	78	126	89
IC	45	79	84	115	90
IC	46	83	66	87	98
IC	47	90	93	96	80
IC	48	79	71	107	97
IC	49	81	88	88	80
IC	50	90	74	70	119
IC	51	95	99	114	94
IC	52	88	84	90	95
IC	53	95	92	91	79
IC	54	79	64	99	92
IC	55	78	72	102	90
IC	56	82	104	95	85
IC	57	55	67	91	87
IC	58	85	80	86	114
IC	59	95	77	103	92
IC	60	81	81	91	102
IC	61	82	81	101	95
IC	62	92	85	103	90
IC	63	87	77	76	87
IC	64	82	77	108	91
IC	65	93	65	75	91
IC	66	71	95	84	91
IC	67	78	79	112	71
IC	68	61	75	101	92
IC	69	84	86	113	99
IC	70	75	74	107	96
IC	71	74	71	93	82
IC	72	74	81	82	77
IC	73	65	66	85	104
IC	74	80	82	87	107
IC	75	76	74	82	78
IC	76	77	98	87	99
IC	77	69	76	94	110
IC	78	84	57	77	105
IC	79	99	77	100	85
IC	80	77	71	88	92
IC	81	98	69	80	91
IC	82	79	88	78	85
IC	83	60	75	99	79
IC	84	67	85	87	92
IC	85	71	81	99	103
IC	86	71	83	89	94
IC	87	87	66	86	102
IC	88	81	84	83	85
IC	89	77	81	107	105
IC	90	95	79	80	95
IC	91	71	86	88	78
IC	92	95	64	101	97
IC	93	82	75	84	75
IC	94	83	85	92	94
IC	95	60	62	92	80
IC	96	64	82	89	98
IC	97	74	85	97	90
IC	98	68	72	97	75
IC	99	60	66	87	87
IC	100	69	62	77	103
IC	101	79	95	85	95
IC	102	74	65	90	91
IC	103	93	70	83	102
IC	104	78	74	86	84
IC	105	80	76	80	105
IC	106	63	81	87	77
IC	107	68	60	78	73
IC	108	75	73	100	86
IC	109	85	82	96	80
IC	110	76	69	89	91
IC	111	71	67	96	90
IC	112	55	66	81	99
IC	113	68	62	73	79
IC	114	78	82	85	74
IC	115	61	74	97	93
IC	116	78	75	80	80
IC	117	63	54	88	89
IC	118	56	58	86	106
IC	119	60	64	93	88
IC	120	68	72	80	68
IC	121	65	76	92	87
IC	122	69	58	69	74
IC	123	79	65	70	83
IC	124	87	63	79	76
IC	125	74	66	84	72
IC	126	67	58	87	76
IC	127	58	58	91	93
IC	128	50	58	76	65
IC	129	59	72	89	72
IC	130	61	56	74	84
IC	131	65	56	80	71
IC	132	78	53	59	73
IC	133	68	56	79	80
IC	134	69	68	73	71
IC	135	76	49	79	70
IC	136	70	60	72	57
IC	137	63	51	71	76
IC	138	66	71	67	74
IC	139	55	55	76	80
IC	140	60	57	74	79
IC	141	68	69	69	73
IC	142	62	60	79	59
IC	143	56	56	65	68
IC	144	55	54	73	66
IC	145	61	69	78	66
IC	146	62	64	77	66
IC	147	48	59	74	61
IC	148	57	61	79	67
IC	149	51	69	63	67
IC	150	58	55	68	65
IC	151	55	52	59	61
IC	152	53	51	61	77
IC	153	58	53	80	61
IC	154	71	55	63	69
IC	155	56	54	62	58
IC	156	58	56	69	80
IC	157	62	53	61	64
IC	158	55	49	70	66
IC	159	65	52	77	65
IC	160	53	62	61	63
IC	161	57	49	79	50
IC	162	59	50	64	58
IC	163	68	49	74	56
IC	164	58	51	59	64
IC	165	52	38	65	61
IC	166	50	47	57	60
IC	167	49	35	66	57
IC	168	45	42	65	63
IC	169	55	49	76	61
IC	170	45	45	58	71
IC	171	44	47	70	69
IC	172	56	58	72	52
IC	173	61	57	76	50
IC	174	61	64	55	52
IC	175	51	48	64	43
IC	176	45	41	63	68
IC	177	48	39	58	54
IC	178	48	55	52	58
IC	179	55	60	63	66
IC	180	58	50	64	35
IC	181	53	41	53	55
IC	182	55	34	63	53
IC	183	44	52	53	53
IC	184	48	44	52	57
IC	185	47	47	57	47
IC	186	44	38	48	62
IC	187	57	30	68	58
IC	188	41	50	57	53
IC	189	40	40	47	47
IC	190	53	25	56	45
IC	191	42	32	61	54
IC	192	52	46	60	46
IC	193	52	39	53	43
IC	194	40	35	65	32
IC	195	39	31	59	51
IC	196	37	43	48	50
IC	197	45	31	55	55
IC	198	49	34	60	34
IC	199	50	41	43	48
IC	200	43	40	51	51
IC	201	31	44	62	40
IC	202	36	19	53	32
IC	203	48	32	40	51
IC	204	44	25	62	39
IC	205	39	41	39	37
IC	206	32	37	38	37
IC	207	32	31	60	36
IC	208	46	32	37	33
IC	209	45	31	46	39
IC	210	30	37	39	41
IC	211	37	25	55	43
IC	212	41	35	47	31
IC	213	34	33	38	30
IC	214	36	16	56	40
IC	215	39	29	40	26
IC	216	30	24	41	34
IC	217	57	34	39	36
IC	218	26	27	36	32
IC	219	41	28	43	31
IC	220	35	21	48	36
IC	221	34	29	50	26
IC	222	39	15	43	42
IC	223	38	22	45	39
IC	224	55	23	51	26
IC	225	30	24	46	26
IC	226	26	26	47	20
IC	227	37	26	31	29
IC	228	33	15	51	28
IC	229	22	15	41	25
IC	230	30	15	40	18
IC	231	34	28	38	17
IC	232	41	15	45	25
IC	233	28	19	34	21
IC	234	24	17	35	28
IC	235	27	25	39	16
IC	236	32	17	35	25
IC	237	35	22	50	26
IC	238	30	23	39	21
IC	239	27	15	40	21
IC	240	34	15	47	20
IC	241	30	14	45	23
IC	242	19	13	53	25
IC	243	35	18	39	21
IC	244	22	12	37	11
IC	245	39	15	32	20
IC	246	35	15	35	20
IC	247	30	12	29	18
IC	248	32	9	24	16
IC	249	41	17	42	14
IC	250	22	16	28	16
IC	251	34	13	34	19
IC	252	34	9	35	14
IC	253	28	13	38	7
IC	254	22	17	26	14
IC	255	20	20	36	10
IC	256	19	8	31	16
IC	257	28	7	31	11
IC	258	25	3	41	9
IC	259	24	5	37	11
IC	260	20	6	30	14
IC	261	24	18	27	10
IC	262	28	8	32	13
IC	263	23	10	25	11
IC	264	24	8	31	5
IC	265	15	7	25	9
IC	266	21	5	25	11
IC	267	24	7	18	3
IC	268	21	5	22	5
IC	269	19	3	25	6
IC	270	18	5	29	9
IC	271	9	4	24	6
IC	272	16	5	26	7
IC	273	21	10	15	6
IC	274	20	7	19	9
IC	275	14	8	23	6
IC	276	16	4	23	1
IC	277	17	5	16	8
IC	278	17	4	23	6
IC	279	15	6	37	4
IC	280	15	4	22	9
IC	281	23	6	21	3
IC	282	14	4	23	3
IC	283	14	1	18	7
IC	284	10	3	14	0
IC	285	17	2	10	2
IC	286	10	3	17	3
IC	287	14	3	16	4
IC	288	8	2	17	3
IC	289	9	1	8	5
IC	290	8	1	20	3
IC	291	8	4	7	4
IC	292	9	1	7	1
IC	293	13	2	12	3
IC	294	9	1	11	1
IC	295	10	0	12	2
IC	296	1	2	18	2
IC	297	10	4	12	0
IC	298	3	0	3	1
# Coverage distribution. Use `grep ^COV | cut -f 2-` to extract this part.
COV	[1-1]	1	4361
COV	[2-2]	2	5399
COV	[3-3]	3	2403
COV	[4-4]	4	2405
COV	[5-5]	5	2032
COV	[6-6]	6	1812
COV	[7-7]	7	1437
COV	[8-8]	8	1487
COV	[9-9]	9	1540
COV	[10-10]	10	1736
COV	[11-11]	11	1029
COV	[12-12]	12	1233
COV	[13-13]	13	1424
COV	[14-14]	14	1482
COV	[15-15]	15	1368
COV	[16-16]	16	1414
COV	[17-17]	17	1369
COV	[18-18]	18	1332
COV	[19-19]	19	1285
COV	[20-20]	20	1137
COV	[21-21]	21	1168
COV	[22-22]	22	1207
COV	[23-23]	23	1034
COV	[24-24]	24	1342
COV	[25-25]	25	1008
COV	[26-26]	26	1001
COV	[27-27]	27	1172
COV	[28-28]	28	1498
COV	[29-29]	29	1195
COV	[30-30]	30	1266
COV	[31-31]	31	1392
COV	[32-32]	32	1491
COV	[33-33]	33	1660
COV	[34-34]	34	1769
COV	[35-35]	35	1837
COV	[36-36]	36	2119
COV	[37-37]	37	2562
COV	[38-38]	38	3246
COV	[39-39]	39	4099
COV	[40-40]	40	4888
COV	[41-41]	41	5742
COV	[42-42]	42	7063
COV	[43-43]	43	8719
COV	[44-44]	44	10822
COV	[45-45]	45	12612
COV	[46-46]	46	15718
COV	[47-47]	47	18457
COV	[48-48]	48	22529
COV	[49-49]	49	27456
COV	[50-50]	50	31778
COV	[51-51]	51	37730
COV	[52-52]	52	42137
COV	[53-53]	53	48812
COV	[54-54]	54	55530
COV	[55-55]	55	62645
COV	[56-56]	56	69959
COV	[57-57]	57	77495
COV	[58-58]	58	83587
COV	[59-59]	59	90488
COV	[60-60]	60	96322
COV	[61-61]	61	104252
COV	[62-62]	62	108727
COV	[63-63]	63	115939
COV	[64-64]	64	119479
COV	[65-65]	65	123217
COV	[66-66]	66	127027
COV	[67-67]	67	129930
COV	[68-68]	68	130238
COV	[69-69]	69	130424
COV	[70-70]	70	129089
COV	[71-71]	71	127824
COV	[72-72]	72	125218
COV	[73-73]	73	122490
COV	[74-74]	74	117726
COV	[75-75]	75	114627
COV	[76-76]	76	110425
COV	[77-77]	77	104409
COV	[78-78]	78	98597
COV	[79-79]	79	93533
COV	[80-80]	80	86604
COV	[81-81]	81	80687
COV	[82-82]	82	75533
COV	[83-83]	83	68286
COV	[84-84]	84	62817
COV	[85-85]	85	57913
COV	[86-86]	86	51465
COV	[87-87]	87	46233
COV	[88-88]	88	41238
COV	[89-89]	89	36198
COV	[90-90]	90	31413
COV	[91-91]	91	27979
COV	[92-92]	92	23972
COV	[93-93]	93	21283
COV	[94-94]	94	18542
COV	[95-95]	95	15838
COV	[96-96]	96	13961
COV	[97-97]	97	12089
COV	[98-98]	98	10357
COV	[99-99]	99	9068
COV	[100-100]	100	7793
COV	[101-101]	101	6479
COV	[102-102]	102	5539
COV	[103-103]	103	4640
COV	[104-104]	104	3955
COV	[105-105]	105	3342
COV	[106-106]	106	2663
COV	[107-107]	107	2309
COV	[108-108]	108	1948
COV	[109-109]	109	1718
COV	[110-110]	110	1415
COV	[111-111]	111	1384
COV	[112-112]	112	1023
COV	[113-113]	113	934
COV	[114-114]	114	749
COV	[115-115]	115	745
COV	[116-116]	116	595
COV	[117-117]	117	505
COV	[118-118]	118	525
COV	[119-119]	119	549
COV	[120-120]	120	479
COV	[121-121]	121	491
COV	[122-122]	122	462
COV	[123-123]	123	444
COV	[124-124]	124	378
COV	[125-125]	125	420
COV	[126-126]	126	422
COV	[127-127]	127	443
COV	[128-128]	128	448
COV	[129-129]	129	351
COV	[130-130]	130	426
COV	[131-131]	131	351
COV	[132-132]	132	352
COV	[133-133]	133	370
COV	[134-134]	134	370
COV	[135-135]	135	344
COV	[136-136]	136	357
COV	[137-137]	137	325
COV	[138-138]	138	297
COV	[139-139]	139	316
COV	[140-140]	140	333
COV	[141-141]	141	338
COV	[142-142]	142	283
COV	[143-143]	143	306
COV	[144-144]	144	295
COV	[145-145]	145	284
COV	[146-146]	146	339
COV	[147-147]	147	282
COV	[148-148]	148	332
COV	[149-149]	149	264
COV	[150-150]	150	295
COV	[151-151]	151	266
COV	[152-152]	152	301
COV	[153-153]	153	304
COV	[154-154]	154	231
COV	[155-155]	155	202
COV	[156-156]	156	238
COV	[157-157]	157	207
COV	[158-158]	158	213
COV	[159-159]	159	219
COV	[160-160]	160	190
COV	[161-161]	161	166
COV	[162-162]	162	154
COV	[163-163]	163	122
COV	[164-164]	164	110
COV	[165-165]	165	119
COV	[166-166]	166	104
COV	[167-167]	167	77
COV	[168-168]	168	96
COV	[169-169]	169	81
COV	[170-170]	170	84
COV	[171-171]	171	76
COV	[172-172]	172	108
COV	[173-173]	173	90
COV	[174-174]	174	85
COV	[175-175]	175	88
COV	[176-176]	176	91
COV	[177-177]	177	59
COV	[178-178]	178	77
COV	[179-179]	179	41
COV	[180-180]	180	52
COV	[181-181]	181	74
COV	[182-182]	182	57
COV	[183-183]	183	37
COV	[184-184]	184	69
COV	[185-185]	185	65
COV	[186-186]	186	72
COV	[187-187]	187	42
COV	[188-188]	188	38
COV	[189-189]	189	47
COV	[190-190]	190	43
COV	[191-191]	191	42
COV	[192-192]	192	40
COV	[193-193]	193	30
COV	[194-194]	194	30
COV	[195-195]	195	26
COV	[196-196]	196	32
COV	[197-197]	197	33
COV	[198-198]	198	48
COV	[199-199]	199	43
COV	[200-200]	200	42
COV	[201-201]	201	33
COV	[202-202]	202	47
COV	[203-203]	203	39
COV	[204-204]	204	48
COV	[205-205]	205	54
COV	[206-206]	206	52
COV	[207-207]	207	60
COV	[208-208]	208	52
COV	[209-209]	209	47
COV	[210-210]	210	65
COV	[211-211]	211	51
COV	[212-212]	212	47
COV	[213-213]	213	54
COV	[214-214]	214	67
COV	[215-215]	215	47
COV	[216-216]	216	55
COV	[217-217]	217	50
COV	[218-218]	218	47
COV	[219-219]	219	58
COV	[220-220]	220	62
COV	[221-221]	221	74
COV	[222-222]	222	61
COV	[223-223]	223	50
COV	[224-224]	224	44
COV	[225-225]	225	57
COV	[226-226]	226	47
COV	[227-227]	227	55
COV	[228-228]	228	53
COV	[229-229]	229	52
COV	[230-230]	230	50
COV	[231-231]	231	31
COV	[232-232]	232	47
COV	[233-233]	233	50
COV	[234-234]	234	48
COV	[235-235]	235	49
COV	[236-236]	236	53
COV	[237-237]	237	43
COV	[238-238]	238	30
COV	[239-239]	239	38
COV	[240-240]	240	30
COV	[241-241]	241	40
COV	[242-242]	242	33
COV	[243-243]	243	30
COV	[244-244]	244	13
COV	[245-245]	245	16
COV	[246-246]	246	19
COV	[247-247]	247	21
COV	[248-248]	248	24
COV	[249-249]	249	17
COV	[250-250]	250	16
COV	[251-251]	251	16
COV	[252-252]	252	22
COV	[253-253]	253	13
COV	[254-254]	254	18
COV	[255-255]	255	15
COV	[256-256]	256	16
COV	[257-257]	257	7
COV	[258-258]	258	19
COV	[259-259]	259	19
COV	[260-260]	260	11
COV	[261-261]	261	7
COV	[262-262]	262	10
COV	[263-263]	263	11
COV	[264-264]	264	15
COV	[265-265]	265	19
COV	[266-266]	266	12
COV	[267-267]	267	10
COV	[268-268]	268	17
COV	[269-269]	269	16
COV	[270-270]	270	12
COV	[271-271]	271	16
COV	[272-272]	272	7
COV	[273-273]	273	6
COV	[274-274]	274	8
COV	[275-275]	275	8
COV	[276-276]	276	13
COV	[277-277]	277	6
COV	[278-278]	278	6
COV	[279-279]	279	12
COV	[280-280]	280	18
COV	[281-281]	281	16
COV	[282-282]	282	10
COV	[283-283]	283	6
COV	[284-284]	284	8
COV	[285-285]	285	9
COV	[286-286]	286	11
COV	[287-287]	287	8
COV	[288-288]	288	5
COV	[289-289]	289	4
COV	[290-290]	290	15
COV	[291-291]	291	7
COV	[292-292]	292	6
COV	[293-293]	293	13
COV	[294-294]	294	6
COV	[295-295]	295	3
COV	[296-296]	296	5
COV	[297-297]	297	9
COV	[298-298]	298	8
COV	[299-299]	299	5
COV	[300-300]	300	8
COV	[301-301]	301	9
COV	[302-302]	302	5
COV	[303-303]	303	3
COV	[304-304]	304	6
COV	[305-305]	305	7
COV	[306-306]	306	4
COV	[307-307]	307	13
COV	[308-308]	308	9
COV	[309-309]	309	5
COV	[310-310]	310	3
COV	[311-311]	311	6
COV	[312-312]	312	8
COV	[313-313]	313	5
COV	[314-314]	314	8
COV	[315-315]	315	14
COV	[316-316]	316	12
COV	[317-317]	317	13
COV	[318-318]	318	5
COV	[319-319]	319	8
COV	[320-320]	320	6
COV	[321-321]	321	7
COV	[322-322]	322	8
COV	[323-323]	323	8
COV	[324-324]	324	8
COV	[325-325]	325	16
COV	[326-326]	326	10
COV	[327-327]	327	8
COV	[328-328]	328	8
COV	[329-329]	329	2
COV	[330-330]	330	3
COV	[331-331]	331	5
COV	[332-332]	332	5
COV	[333-333]	333	4
COV	[334-334]	334	3
COV	[335-335]	335	6
COV	[336-336]	336	4
COV	[337-337]	337	9
COV	[338-338]	338	5
COV	[339-339]	339	8
COV	[340-340]	340	8
COV	[341-341]	341	6
COV	[342-342]	342	1
COV	[343-343]	343	10
COV	[344-344]	344	5
COV	[345-345]	345	6
COV	[346-346]	346	5
COV	[347-347]	347	6
COV	[348-348]	348	4
COV	[349-349]	349	6
COV	[350-350]	350	4
COV	[351-351]	351	13
COV	[352-352]	352	5
COV	[353-353]	353	7
COV	[354-354]	354	4
COV	[355-355]	355	2
COV	[356-356]	356	6
COV	[357-357]	357	4
COV	[358-358]	358	2
COV	[359-359]	359	6
COV	[360-360]	360	8
COV	[361-361]	361	6
COV	[362-362]	362	6
COV	[363-363]	363	7
COV	[364-364]	364	7
COV	[365-365]	365	3
COV	[366-366]	366	7
COV	[367-367]	367	8
COV	[368-368]	368	7
COV	[369-369]	369	7
COV	[370-370]	370	8
COV	[371-371]	371	8
COV	[372-372]	372	5
COV	[373-373]	373	7
COV	[374-374]	374	7
COV	[375-375]	375	3
COV	[376-376]	376	7
COV	[377-377]	377	8
COV	[378-378]	378	4
COV	[379-379]	379	6
COV	[380-380]	380	4
COV	[381-381]	381	7
COV	[382-382]	382	1
COV	[383-383]	383	4
COV	[385-385]	385	4
COV	[388-388]	388	1
COV	[389-389]	389	6
COV	[390-390]	390	3
COV	[391-391]	391	7
COV	[392-392]	392	2
COV	[393-393]	393	3
COV	[394-394]	394	1
COV	[395-395]	395	3
COV	[396-396]	396	1
COV	[397-397]	397	2
COV	[398-398]	398	3
COV	[399-399]	399	9
COV	[400-400]	400	4
COV	[401-401]	401	6
COV	[402-402]	402	2
COV	[403-403]	403	2
COV	[404-404]	404	5
COV	[405-405]	405	2
COV	[406-406]	406	4
COV	[407-407]	407	6
COV	[408-408]	408	4
COV	[409-409]	409	7
COV	[410-410]	410	2
COV	[411-411]	411	3
COV	[412-412]	412	2
COV	[413-413]	413	3
COV	[415-415]	415	4
COV	[416-416]	416	1
COV	[417-417]	417	1
COV	[418-418]	418	1
COV	[420-420]	420	1
COV	[421-421]	421	7
COV	[422-422]	422	2
COV	[423-423]	423	2
COV	[424-424]	424	2
COV	[425-425]	425	5
COV	[427-427]	427	5
COV	[428-428]	428	3
COV	[429-429]	429	1
COV	[430-430]	430	4
COV	[431-431]	431	1
COV	[432-432]	432	4
COV	[433-433]	433	1
COV	[434-434]	434	1
COV	[435-435]	435	2
COV	[437-437]	437	1
COV	[438-438]	438	12
COV	[439-439]	439	9
COV	[440-440]	440	9
COV	[441-441]	441	3
COV	[442-442]	442	4
COV	[443-443]	443	1
COV	[444-444]	444	5
COV	[445-445]	445	4
COV	[446-446]	446	5
COV	[447-447]	447	2
COV	[448-448]	448	7
COV	[449-449]	449	3
COV	[450-450]	450	5
COV	[451-451]	451	2
COV	[452-452]	452	2
COV	[453-453]	453	2
COV	[454-454]	454	1
COV	[455-455]	455	3
COV	[456-456]	456	1
COV	[457-457]	457	1
COV	[459-459]	459	3
COV	[460-460]	460	5
COV	[461-461]	461	6
COV	[462-462]	462	4
COV	[463-463]	463	5
COV	[464-464]	464	6
COV	[465-465]	465	3
COV	[466-466]	466	1
COV	[467-467]	467	3
COV	[468-468]	468	2
COV	[469-469]	469	1
COV	[470-470]	470	1
COV	[471-471]	471	3
COV	[472-472]	472	2
COV	[473-473]	473	2
COV	[474-474]	474	1
COV	[475-475]	475	5
COV	[476-476]	476	3
COV	[477-477]	477	3
COV	[480-480]	480	1
COV	[481-481]	481	3
COV	[482-482]	482	1
COV	[483-483]	483	1
COV	[484-484]	484	1
COV	[485-485]	485	1
COV	[486-486]	486	2
COV	[487-487]	487	2
COV	[488-488]	488	3
COV	[489-489]	489	4
COV	[490-490]	490	1
COV	[491-491]	491	4
COV	[492-492]	492	1
COV	[493-493]	493	3
COV	[494-494]	494	2
COV	[495-495]	495	2
COV	[496-496]	496	2
COV	[497-497]	497	7
COV	[498-498]	498	1
COV	[499-499]	499	7
COV	[500-500]	500	4
COV	[501-501]	501	3
# GC-depth. Use `grep ^GCD | cut -f 2-` to extract this part. The columns are: GC%, unique sequence percentiles, 10th, 25th, 50th, 75th and 90th depth percentile
GCD	0.0	0.866	0.000	0.000	0.000	0.000	0.000
GCD	42.0	1.299	25.252	25.252	25.252	25.252	25.252
GCD	43.0	2.165	48.954	48.954	56.262	63.569	63.569
GCD	44.0	3.030	48.028	48.028	61.263	74.499	74.499
GCD	45.0	4.329	10.510	10.510	62.887	70.121	70.121
GCD	46.0	5.628	20.796	20.796	65.061	75.259	75.259
GCD	47.0	6.494	68.512	68.512	69.122	69.731	69.731
GCD	48.0	14.719	25.213	56.725	64.076	68.561	71.827
GCD	49.0	25.108	33.891	65.353	69.209	72.212	74.250
GCD	50.0	42.857	39.239	62.940	67.547	70.706	72.463
GCD	51.0	71.429	44.085	59.708	68.434	70.511	72.193
GCD	52.0	90.909	50.629	65.836	69.692	71.549	72.804
GCD	53.0	97.835	30.192	57.758	70.038	70.455	72.046
GCD	54.0	99.567	36.445	41.417	61.458	67.905	68.347
GCD	55.0	100.000	45.893	45.893	45.893	45.893	45.893
